customer_id,postcode,state,property_valuation
1,2016,NSW,10
2,2153,NSW,10
4,4211,QLD,9
5,2448,NSW,4
6,3216,VIC,9
7,2210,NSW,9
8,2650,NSW,4
9,2023,NSW,12
11,3044,VIC,8
12,4557,QLD,4
13,3799,VIC,6
14,2760,NSW,8
15,2428,NSW,9
16,3331,VIC,4
17,3058,VIC,9
18,2135,NSW,12
19,2233,NSW,9
20,2444,NSW,8
21,2650,NSW,7
24,2153,NSW,10
25,4413,QLD,3
26,4740,QLD,5
27,3218,VIC,7
28,4868,QLD,4
29,4116,QLD,7
30,2519,NSW,11
31,2135,NSW,12
32,2756,NSW,9
33,2170,NSW,9
34,4005,QLD,8
35,4127,QLD,6
36,2535,NSW,8
37,4726,QLD,1
38,4805,QLD,4
39,2212,NSW,10
40,2207,NSW,8
41,3350,VIC,9
42,3931,VIC,10
43,4018,QLD,8
44,4670,QLD,2
45,2480,NSW,3
46,3212,VIC,6
47,2322,NSW,4
48,3198,VIC,9
49,2210,NSW,9
50,2047,NSW,10
51,4503,QLD,5
52,2145,NSW,8
53,4350,QLD,3
54,2142,NSW,8
55,2029,NSW,10
56,2127,NSW,10
57,4280,QLD,6
58,2166,NSW,9
59,2046,NSW,9
60,2026,NSW,10
61,2765,NSW,7
62,2749,NSW,8
63,2745,NSW,9
64,3752,VIC,8
65,2153,NSW,10
66,2217,NSW,10
67,2230,NSW,10
68,3046,VIC,7
69,3183,VIC,7
70,2070,NSW,12
71,2213,NSW,10
72,4208,QLD,6
73,2774,NSW,8
74,4133,QLD,8
75,2756,NSW,8
76,4213,QLD,9
77,4170,QLD,5
78,2153,NSW,9
79,2073,NSW,10
80,3561,VIC,1
81,2330,NSW,6
82,3977,VIC,8
83,2204,NSW,12
84,2086,NSW,11
85,2226,NSW,11
86,2075,NSW,11
87,2038,NSW,12
88,2069,NSW,12
89,2100,NSW,11
90,2233,NSW,10
91,2166,NSW,9
92,3133,VIC,10
93,3070,VIC,10
94,2777,NSW,7
95,3133,VIC,10
96,2125,NSW,11
97,2766,NSW,8
98,2209,NSW,10
99,2160,NSW,9
100,2065,NSW,12
101,2150,NSW,10
102,2168,NSW,9
103,2046,NSW,12
104,4171,QLD,10
105,2155,NSW,10
106,2517,NSW,9
107,2096,NSW,12
108,2750,NSW,8
109,2217,NSW,11
110,3977,VIC,8
111,2093,NSW,12
112,3204,VIC,11
113,4300,QLD,4
114,2170,NSW,9
115,3844,VIC,1
116,2168,NSW,8
117,4226,QLD,6
118,3192,VIC,10
119,3070,VIC,7
120,2485,NSW,2
121,2097,NSW,9
122,4817,QLD,2
123,2516,NSW,8
124,3074,VIC,8
125,2213,NSW,10
126,4508,QLD,4
127,4405,QLD,1
128,2452,NSW,5
129,2142,NSW,9
130,2205,NSW,7
131,4132,QLD,3
132,2145,NSW,8
133,4744,QLD,1
134,2158,NSW,11
135,3201,VIC,6
136,4178,QLD,3
137,2112,NSW,10
138,2033,NSW,9
139,4401,QLD,1
140,3186,VIC,9
141,2097,NSW,11
142,3058,VIC,9
143,4017,QLD,6
144,2315,NSW,3
145,2285,NSW,5
146,2219,NSW,11
147,2065,NSW,11
148,3216,VIC,8
149,4509,QLD,7
150,2330,NSW,7
151,2759,NSW,9
152,2069,NSW,12
153,2747,NSW,8
154,2227,NSW,8
155,2025,NSW,10
156,3191,VIC,11
157,3025,VIC,8
158,2263,NSW,6
159,2233,NSW,10
160,2154,NSW,11
161,2065,NSW,10
162,2119,NSW,10
163,3016,VIC,10
164,4113,QLD,4
165,2032,NSW,10
166,4300,QLD,4
167,4352,QLD,6
168,3020,VIC,6
169,2116,NSW,9
170,3057,VIC,8
171,2099,NSW,11
172,3749,VIC,4
173,2766,NSW,8
174,2148,NSW,9
175,3145,VIC,11
176,2021,NSW,8
177,2333,NSW,5
178,2783,NSW,7
179,2280,NSW,9
180,4120,QLD,8
181,3638,VIC,1
182,4300,QLD,4
183,2074,NSW,10
184,2880,NSW,1
185,2430,NSW,5
186,4560,QLD,7
187,2088,NSW,10
188,2220,NSW,11
189,3031,VIC,4
190,2250,NSW,9
191,2261,NSW,7
192,3196,VIC,6
193,4352,QLD,7
194,4680,QLD,5
195,3143,VIC,9
196,2747,NSW,8
197,2063,NSW,12
198,3021,VIC,7
199,2138,NSW,8
200,4005,QLD,2
201,2233,NSW,9
202,4811,QLD,5
203,2085,NSW,11
204,3084,VIC,10
205,3170,VIC,9
206,2066,NSW,9
207,4113,QLD,8
208,4078,QLD,7
209,2222,NSW,11
210,3152,VIC,9
211,2159,NSW,10
212,4503,QLD,4
213,4655,QLD,4
214,4220,QLD,9
215,4012,QLD,3
216,2153,NSW,10
217,2070,NSW,11
218,2015,NSW,8
219,2776,NSW,8
220,3011,VIC,8
221,2761,NSW,8
222,2015,NSW,11
223,2502,NSW,7
224,2110,NSW,12
225,2566,NSW,9
226,2519,NSW,7
227,2506,NSW,9
228,2209,NSW,7
229,2116,NSW,10
230,2075,NSW,11
231,2226,NSW,10
232,2145,NSW,9
233,2508,NSW,10
234,2036,NSW,10
235,2018,NSW,8
236,3666,VIC,2
237,2021,NSW,11
238,2750,NSW,8
239,4514,QLD,3
240,2525,NSW,9
241,4152,QLD,7
242,2200,NSW,9
243,2250,NSW,8
244,3023,VIC,6
245,3500,VIC,1
246,4300,QLD,5
247,2283,NSW,4
248,2102,NSW,10
249,2204,NSW,11
250,2040,NSW,10
251,2749,NSW,8
252,2304,NSW,7
253,2340,NSW,7
254,3580,VIC,1
255,3355,VIC,2
256,2287,NSW,7
257,2324,NSW,5
258,2323,NSW,6
259,2320,NSW,6
260,4680,QLD,2
261,2346,NSW,1
262,2031,NSW,10
263,2064,NSW,9
264,2176,NSW,10
265,3195,VIC,9
266,2010,NSW,10
267,2768,NSW,10
268,2752,NSW,9
269,3802,VIC,7
270,3071,VIC,10
271,4735,QLD,2
272,2065,NSW,12
273,3081,VIC,9
274,3205,VIC,8
275,2165,NSW,4
276,3125,VIC,8
277,4214,QLD,8
278,2030,NSW,12
279,2036,NSW,11
280,2767,NSW,8
281,2798,NSW,6
282,4211,QLD,5
283,4508,QLD,6
284,2032,NSW,11
285,2117,NSW,12
286,4551,QLD,7
287,2765,NSW,8
288,3064,VIC,7
289,2023,NSW,9
290,2766,NSW,9
291,3810,VIC,5
292,4151,QLD,8
293,2830,NSW,2
294,3030,VIC,7
295,4812,QLD,6
296,2141,NSW,8
297,3810,VIC,7
298,3029,VIC,8
299,2173,NSW,9
300,3199,VIC,9
301,2320,NSW,7
302,4506,QLD,7
303,2516,NSW,9
304,2035,NSW,11
305,2747,NSW,4
306,3030,VIC,3
307,3152,VIC,9
308,3340,VIC,5
309,3182,VIC,7
310,2450,NSW,9
311,2227,NSW,10
312,2216,NSW,10
313,3796,VIC,8
314,3064,VIC,3
315,3197,VIC,10
316,3064,VIC,7
317,2232,NSW,10
318,2365,NSW,2
319,2747,NSW,8
320,4701,QLD,2
321,4503,QLD,5
322,4350,QLD,6
323,4210,QLD,9
324,2223,NSW,9
325,4122,QLD,8
326,2515,NSW,10
327,4214,QLD,8
328,3437,VIC,8
329,3338,VIC,4
330,2203,NSW,9
331,2088,NSW,8
332,4226,QLD,8
333,4213,QLD,5
334,3356,VIC,2
335,3223,VIC,6
336,3032,VIC,8
337,3105,VIC,10
338,3101,VIC,12
339,2763,NSW,8
340,2089,NSW,10
341,2759,NSW,8
342,2040,NSW,10
343,2126,NSW,11
344,2147,NSW,9
345,2251,NSW,9
346,2155,NSW,10
347,2153,NSW,9
348,2768,NSW,10
349,3127,VIC,11
350,3087,VIC,9
351,3131,VIC,10
352,4350,QLD,6
353,3134,VIC,9
354,2830,NSW,5
355,2193,NSW,8
356,4055,QLD,3
357,3199,VIC,9
358,2170,NSW,9
359,2322,NSW,4
360,2530,NSW,7
361,2075,NSW,11
362,2340,NSW,7
363,2066,NSW,12
364,4217,QLD,9
365,4020,QLD,5
366,2096,NSW,10
367,2179,NSW,12
368,4127,QLD,6
369,3130,VIC,10
370,4570,QLD,4
371,3215,VIC,4
372,3101,VIC,8
373,3931,VIC,9
374,3165,VIC,10
375,2166,NSW,9
376,3936,VIC,7
377,2265,NSW,5
378,2203,NSW,9
379,3034,VIC,7
380,4670,QLD,1
381,2062,NSW,12
382,2162,NSW,5
383,4170,QLD,8
384,3033,VIC,7
385,2170,NSW,9
386,2749,NSW,8
387,2144,NSW,10
388,3805,VIC,8
389,2047,NSW,9
390,2100,NSW,10
391,2642,NSW,2
392,3228,VIC,8
393,2145,NSW,10
394,2287,NSW,5
395,3444,VIC,7
396,2076,NSW,11
397,4124,QLD,7
398,3191,VIC,12
399,4305,QLD,3
400,3195,VIC,11
401,2579,NSW,5
402,2835,NSW,1
403,3337,VIC,3
404,2536,NSW,4
405,2770,NSW,8
406,2646,NSW,1
407,2756,NSW,8
408,3133,VIC,10
409,2066,NSW,9
410,2750,NSW,8
411,2750,NSW,8
412,4558,QLD,3
413,2211,NSW,9
414,2570,NSW,8
415,2170,NSW,9
416,4552,QLD,4
417,3082,VIC,8
418,2360,NSW,1
419,4223,QLD,8
420,3183,VIC,7
421,2330,NSW,3
422,2031,NSW,11
423,4370,QLD,2
424,3150,VIC,11
425,2549,NSW,3
426,3040,VIC,8
427,2065,NSW,11
428,2065,NSW,10
429,2340,NSW,3
430,4209,QLD,7
431,4173,QLD,7
432,2065,NSW,10
433,3204,VIC,2
434,2210,NSW,10
435,2068,NSW,12
436,2085,NSW,10
437,3064,VIC,7
438,3074,VIC,4
439,3806,VIC,8
440,2259,NSW,6
441,2260,NSW,8
442,4074,QLD,6
443,4215,QLD,7
444,2160,NSW,6
445,3008,VIC,5
446,2217,NSW,9
447,2213,NSW,10
448,2748,NSW,10
449,2567,NSW,7
450,2096,NSW,10
451,3192,VIC,10
452,3015,VIC,8
453,2170,NSW,10
454,4221,QLD,10
455,2233,NSW,10
456,2145,NSW,7
457,2759,NSW,9
458,3121,VIC,8
459,4870,QLD,5
460,3337,VIC,2
461,2118,NSW,10
462,2259,NSW,6
463,2760,NSW,7
464,3150,VIC,11
465,2770,NSW,5
466,2763,NSW,9
467,2050,NSW,9
468,3058,VIC,9
469,2074,NSW,12
470,2120,NSW,11
471,3812,VIC,8
472,2147,NSW,9
473,3111,VIC,9
474,2567,NSW,9
475,3012,VIC,10
476,4217,QLD,8
477,2197,NSW,9
478,2142,NSW,8
479,2340,NSW,4
480,2320,NSW,6
481,2155,NSW,9
482,2046,NSW,9
483,3162,VIC,9
484,2037,NSW,9
485,2428,NSW,3
486,3141,VIC,7
487,3178,VIC,9
488,3564,VIC,2
489,3550,VIC,4
490,3070,VIC,11
491,3775,VIC,10
492,3004,VIC,9
493,4226,QLD,10
494,2026,NSW,10
495,3185,VIC,9
496,2015,NSW,9
497,3012,VIC,9
498,2447,NSW,3
499,3143,VIC,7
500,3910,VIC,7
501,3621,VIC,8
502,4702,QLD,3
503,2133,NSW,10
504,3075,VIC,7
505,2069,NSW,9
506,3911,VIC,10
507,2250,NSW,8
508,2487,NSW,9
509,4123,QLD,6
510,2151,NSW,8
511,2428,NSW,3
512,3156,VIC,8
513,3126,VIC,12
514,3152,VIC,10
515,2026,NSW,12
516,2233,NSW,8
517,2027,NSW,11
518,4208,QLD,8
519,3124,VIC,12
520,2211,NSW,9
521,2564,NSW,8
522,4221,QLD,9
523,2049,NSW,10
524,3690,VIC,5
525,3282,VIC,2
526,2068,NSW,12
527,2261,NSW,8
528,2576,NSW,10
529,2160,NSW,9
530,3108,VIC,10
531,2145,NSW,7
532,4165,QLD,5
533,2021,NSW,7
534,2218,NSW,11
535,3124,VIC,12
536,2145,NSW,7
537,2190,NSW,10
538,4211,QLD,7
539,3170,VIC,9
540,2170,NSW,9
541,3130,VIC,10
542,2337,NSW,6
543,2307,NSW,4
544,2121,NSW,10
545,2761,NSW,8
546,2340,NSW,2
547,2745,NSW,9
548,4127,QLD,7
549,2716,NSW,1
550,3168,VIC,6
551,3076,VIC,7
552,2750,NSW,9
553,2166,NSW,7
554,2031,NSW,9
555,3564,VIC,4
556,2478,NSW,8
557,4127,QLD,2
558,3016,VIC,7
559,2116,NSW,10
560,3356,VIC,1
561,2560,NSW,8
562,4680,QLD,3
563,4740,QLD,5
564,2760,NSW,9
565,2065,NSW,8
566,2230,NSW,12
567,2087,NSW,11
568,4505,QLD,8
569,2630,NSW,2
570,2225,NSW,10
571,3121,VIC,10
572,3013,VIC,10
573,3136,VIC,8
574,2111,NSW,12
575,2209,NSW,11
576,2106,NSW,10
577,3930,VIC,8
578,3182,VIC,10
579,2097,NSW,10
580,2287,NSW,7
581,2291,NSW,9
582,2283,NSW,4
583,2305,NSW,7
584,2300,NSW,10
585,4179,QLD,4
586,2539,NSW,9
587,3207,VIC,8
588,2630,NSW,1
589,2154,NSW,11
590,2036,NSW,11
591,2133,NSW,11
592,4300,QLD,8
593,2340,NSW,4
594,2010,NSW,9
595,4305,QLD,4
596,4340,QLD,2
597,3137,VIC,7
598,2075,NSW,12
599,3068,VIC,8
600,2148,NSW,8
601,2539,NSW,11
602,4580,QLD,3
603,4300,QLD,5
604,2750,NSW,8
605,2761,NSW,8
606,2566,NSW,8
607,2041,NSW,11
608,4504,QLD,6
609,2176,NSW,9
610,2036,NSW,6
611,4551,QLD,8
612,2087,NSW,11
613,2212,NSW,9
614,2035,NSW,11
615,4120,QLD,9
616,2306,NSW,4
617,4075,QLD,7
618,3975,VIC,7
619,2066,NSW,9
620,4114,QLD,3
621,2763,NSW,7
622,4341,QLD,3
623,4022,QLD,3
624,2168,NSW,8
625,4116,QLD,7
626,4178,QLD,7
627,4123,QLD,5
628,4132,QLD,4
629,4820,QLD,1
630,2153,NSW,10
631,3076,VIC,8
632,3028,VIC,8
633,4035,QLD,8
634,2326,NSW,3
635,2145,NSW,8
636,2747,NSW,9
637,2759,NSW,8
638,3429,VIC,6
639,2148,NSW,7
640,2204,NSW,9
641,3337,VIC,6
642,4218,QLD,8
643,3011,VIC,4
644,2380,NSW,1
645,3015,VIC,10
646,3564,VIC,2
647,3171,VIC,9
648,4551,QLD,7
649,2560,NSW,8
650,2565,NSW,7
651,2035,NSW,12
652,3850,VIC,3
653,2519,NSW,4
654,2166,NSW,8
655,3807,VIC,8
656,3032,VIC,5
657,4800,QLD,7
658,3025,VIC,9
659,2121,NSW,12
660,2570,NSW,10
661,2577,NSW,7
662,3084,VIC,9
663,2199,NSW,9
664,4870,QLD,5
665,4171,QLD,10
666,3975,VIC,8
667,2134,NSW,12
668,2066,NSW,9
669,4053,QLD,7
670,4740,QLD,2
671,2260,NSW,10
672,2800,NSW,1
673,2304,NSW,7
674,3752,VIC,7
675,2048,NSW,12
676,2194,NSW,8
677,2216,NSW,10
678,4352,QLD,7
679,2557,NSW,9
680,2209,NSW,7
681,2147,NSW,9
682,2548,NSW,8
683,2262,NSW,7
684,2763,NSW,9
685,2463,NSW,4
686,2481,NSW,9
687,2072,NSW,12
688,3155,VIC,8
689,3095,VIC,10
690,4207,QLD,7
691,2577,NSW,7
692,2160,NSW,9
693,4110,QLD,4
694,2017,NSW,8
695,2745,NSW,8
696,2769,NSW,10
697,4214,QLD,7
698,3805,VIC,7
699,2770,NSW,6
700,2322,NSW,3
701,4562,QLD,5
702,2117,NSW,12
703,2283,NSW,6
704,2571,NSW,11
705,2233,NSW,10
706,3480,VIC,1
707,3011,VIC,9
708,3551,VIC,3
709,3136,VIC,9
710,2753,NSW,8
711,3093,VIC,7
712,2232,NSW,9
713,3023,VIC,6
714,2153,NSW,10
715,2176,NSW,9
716,2304,NSW,7
717,2567,NSW,9
718,4217,QLD,11
719,4615,QLD,1
720,2026,NSW,10
721,3174,VIC,8
722,2777,NSW,9
723,2199,NSW,9
724,2190,NSW,8
725,4221,QLD,8
726,2766,NSW,8
727,3551,VIC,3
728,3429,VIC,6
729,3150,VIC,9
730,3183,VIC,10
731,2145,NSW,9
732,2154,NSW,11
733,2192,NSW,10
734,2145,NSW,10
735,2290,NSW,7
736,3073,VIC,5
737,4811,QLD,2
738,4005,QLD,5
739,3191,VIC,11
740,4810,QLD,2
741,4121,QLD,9
742,2100,NSW,9
743,2031,NSW,10
744,3111,VIC,11
745,4305,QLD,5
746,3137,VIC,8
747,2229,NSW,11
748,2176,NSW,9
749,3068,VIC,12
750,2263,NSW,8
751,2117,NSW,10
752,4118,QLD,3
753,2594,NSW,3
754,3850,VIC,4
755,2536,NSW,4
756,3750,VIC,7
757,4019,QLD,8
758,2197,NSW,10
759,2227,NSW,10
760,2540,NSW,9
761,2293,NSW,9
762,2560,NSW,8
763,2143,NSW,5
764,4305,QLD,1
765,3630,VIC,1
766,2164,NSW,8
767,2148,NSW,8
768,2759,NSW,9
769,2150,NSW,8
770,3121,VIC,10
771,4350,QLD,4
772,2567,NSW,7
773,4305,QLD,3
774,3183,VIC,8
775,4350,QLD,4
776,4869,QLD,4
777,2145,NSW,9
778,2137,NSW,9
779,2093,NSW,9
780,2354,NSW,3
781,2190,NSW,10
782,4019,QLD,3
783,4814,QLD,2
784,3201,VIC,6
785,2282,NSW,8
786,2223,NSW,10
787,2292,NSW,7
788,2141,NSW,9
789,2126,NSW,11
790,3046,VIC,9
791,3008,VIC,10
792,2830,NSW,7
793,2099,NSW,10
794,2250,NSW,3
795,2171,NSW,9
796,3076,VIC,8
797,2077,NSW,8
798,3156,VIC,9
799,2756,NSW,8
800,4873,QLD,4
801,4514,QLD,3
802,4210,QLD,7
803,4551,QLD,7
804,4006,QLD,7
805,2754,NSW,8
806,2767,NSW,9
807,2282,NSW,8
808,3810,VIC,2
809,2137,NSW,8
810,2173,NSW,9
811,2152,NSW,10
812,2340,NSW,4
813,2088,NSW,12
814,3805,VIC,8
815,2067,NSW,11
816,2122,NSW,10
817,3976,VIC,5
818,2067,NSW,11
819,2000,NSW,12
820,2040,NSW,12
821,2530,NSW,8
822,3175,VIC,5
823,2156,NSW,11
824,4127,QLD,3
825,2066,NSW,12
826,2759,NSW,8
827,4171,QLD,11
828,2073,NSW,11
829,3218,VIC,8
830,2228,NSW,8
831,4207,QLD,4
832,4114,QLD,3
833,2430,NSW,7
834,3199,VIC,7
835,2192,NSW,10
836,4210,QLD,10
837,2290,NSW,8
838,4350,QLD,3
839,2880,NSW,1
840,4413,QLD,3
841,3187,VIC,11
842,3028,VIC,6
843,2166,NSW,10
844,2680,NSW,5
845,2527,NSW,7
846,2147,NSW,9
847,2141,NSW,7
848,4215,QLD,7
849,4701,QLD,7
850,2163,NSW,9
851,4220,QLD,10
852,2336,NSW,7
853,2650,NSW,2
854,3031,VIC,7
855,4415,QLD,2
856,3139,VIC,7
857,4122,QLD,4
858,4055,QLD,7
859,2150,NSW,10
860,4020,QLD,9
861,3975,VIC,8
862,3147,VIC,10
863,3623,VIC,1
864,4122,QLD,8
865,4356,QLD,5
866,2216,NSW,7
867,3124,VIC,12
868,2768,NSW,10
869,2065,NSW,10
870,2753,NSW,9
871,2034,NSW,10
872,2650,NSW,3
873,2287,NSW,7
874,2010,NSW,10
875,3034,VIC,9
876,2196,NSW,10
877,2177,NSW,8
878,4800,QLD,5
879,2219,NSW,10
880,2234,NSW,10
881,4812,QLD,5
882,2065,NSW,12
883,2537,NSW,3
884,3191,VIC,10
885,4870,QLD,8
886,2065,NSW,10
887,2830,NSW,4
888,4720,QLD,1
889,4213,QLD,9
890,2026,NSW,11
891,3124,VIC,12
892,3765,VIC,8
893,2148,NSW,8
894,2165,NSW,9
895,2756,NSW,9
896,2767,NSW,8
897,2153,NSW,10
898,2148,NSW,8
899,2486,NSW,7
900,3228,VIC,8
901,4511,QLD,5
902,2340,NSW,3
903,4110,QLD,5
904,4226,QLD,7
905,4506,QLD,3
906,3150,VIC,9
907,2026,NSW,9
908,3084,VIC,8
909,3802,VIC,7
910,2116,NSW,10
911,2747,NSW,8
912,2211,NSW,10
913,2222,NSW,7
914,3124,VIC,8
915,2795,NSW,5
916,2567,NSW,8
917,3188,VIC,9
918,3730,VIC,4
919,2234,NSW,10
920,2062,NSW,10
921,2027,NSW,11
922,3060,VIC,8
923,4131,QLD,4
924,2518,NSW,10
925,2323,NSW,4
926,2766,NSW,8
927,3199,VIC,8
928,3158,VIC,8
929,3188,VIC,12
930,2477,NSW,6
931,3143,VIC,8
932,2770,NSW,7
933,2195,NSW,9
934,2036,NSW,12
935,2575,NSW,10
936,3400,VIC,2
937,2145,NSW,8
938,3037,VIC,7
939,2233,NSW,9
940,4570,QLD,2
941,4507,QLD,8
942,4220,QLD,8
943,2113,NSW,11
944,3799,VIC,3
945,4505,QLD,6
946,2229,NSW,10
947,3021,VIC,7
948,2443,NSW,6
949,2010,NSW,9
950,4218,QLD,5
951,2570,NSW,9
952,3752,VIC,7
953,4720,QLD,1
954,3177,VIC,6
955,2192,NSW,9
956,2069,NSW,12
957,3111,VIC,10
958,2023,NSW,12
959,2033,NSW,9
960,3030,VIC,8
961,2148,NSW,8
962,3147,VIC,8
963,2196,NSW,10
964,2089,NSW,12
965,2641,NSW,1
966,4212,QLD,10
967,3241,VIC,5
968,2450,NSW,6
969,4209,QLD,5
970,2026,NSW,10
971,3428,VIC,7
972,4227,QLD,5
973,3806,VIC,7
974,4034,QLD,7
975,2760,NSW,8
976,3175,VIC,8
977,2558,NSW,7
978,2460,NSW,1
979,3173,VIC,9
980,2289,NSW,8
981,2031,NSW,9
982,2250,NSW,6
983,2027,NSW,11
984,3111,VIC,7
985,4500,QLD,4
986,4825,QLD,3
987,4213,QLD,9
988,4161,QLD,6
989,4018,QLD,4
990,2560,NSW,7
991,3757,VIC,9
992,3073,VIC,9
993,2871,NSW,3
994,3141,VIC,10
995,4034,QLD,5
996,2194,NSW,10
997,2146,NSW,9
998,2768,NSW,9
999,3073,VIC,9
1000,3136,VIC,9
1001,4869,QLD,3
1002,3127,VIC,12
1003,4078,QLD,7
1004,3182,VIC,6
1005,2165,NSW,9
1006,3046,VIC,8
1007,2066,NSW,12
1008,2065,NSW,12
1009,4380,QLD,9
1010,2340,NSW,4
1011,2769,NSW,9
1012,4220,QLD,9
1013,2179,NSW,8
1014,2527,NSW,8
1015,3024,VIC,8
1016,3934,VIC,11
1017,2027,NSW,11
1018,3109,VIC,10
1019,2540,NSW,8
1020,2145,NSW,10
1021,2761,NSW,8
1022,2136,NSW,10
1023,2145,NSW,8
1024,3124,VIC,9
1025,3046,VIC,8
1026,2153,NSW,10
1027,2069,NSW,12
1028,2046,NSW,9
1029,2484,NSW,6
1030,3225,VIC,7
1031,4053,QLD,7
1032,3145,VIC,11
1033,4068,QLD,9
1034,2324,NSW,3
1035,2214,NSW,9
1036,2041,NSW,12
1037,2031,NSW,11
1038,3809,VIC,6
1039,2454,NSW,4
1040,4556,QLD,8
1041,2065,NSW,10
1042,2216,NSW,11
1043,4573,QLD,7
1044,4570,QLD,1
1045,2154,NSW,11
1046,2171,NSW,9
1047,2871,NSW,7
1048,3034,VIC,9
1049,3082,VIC,8
1050,2131,NSW,11
1051,3207,VIC,10
1052,3184,VIC,11
1053,2250,NSW,5
1054,2118,NSW,11
1055,2570,NSW,10
1056,2260,NSW,7
1057,2065,NSW,12
1058,3977,VIC,6
1059,2016,NSW,11
1060,2112,NSW,11
1061,2137,NSW,12
1062,2228,NSW,11
1063,2217,NSW,10
1064,2223,NSW,8
1065,2018,NSW,9
1066,3109,VIC,10
1067,2315,NSW,9
1068,2170,NSW,8
1069,4053,QLD,7
1070,4300,QLD,4
1071,2619,NSW,7
1072,2452,NSW,3
1073,2229,NSW,10
1074,2800,NSW,3
1075,2880,NSW,1
1076,2515,NSW,9
1077,4020,QLD,7
1078,2193,NSW,9
1079,2064,NSW,9
1080,4220,QLD,9
1081,2450,NSW,8
1082,4152,QLD,9
1083,4035,QLD,8
1084,2322,NSW,4
1085,4509,QLD,7
1086,3138,VIC,9
1087,3029,VIC,5
1088,3441,VIC,9
1089,3136,VIC,9
1090,2121,NSW,11
1091,3023,VIC,7
1092,3337,VIC,3
1093,2216,NSW,10
1094,4074,QLD,7
1095,2101,NSW,9
1096,2153,NSW,9
1097,2164,NSW,8
1098,2160,NSW,9
1099,2756,NSW,8
1100,4510,QLD,3
1101,2075,NSW,11
1102,2647,NSW,3
1103,2154,NSW,10
1104,2565,NSW,6
1105,2731,NSW,4
1106,3185,VIC,11
1107,2164,NSW,9
1108,2323,NSW,5
1109,3130,VIC,9
1110,3757,VIC,7
1111,3284,VIC,6
1112,2204,NSW,11
1113,2037,NSW,12
1114,4211,QLD,7
1115,2153,NSW,10
1116,2527,NSW,9
1117,2747,NSW,9
1118,2152,NSW,8
1119,2118,NSW,11
1120,2168,NSW,9
1121,2067,NSW,11
1122,3021,VIC,8
1123,2573,NSW,7
1124,2118,NSW,11
1125,2759,NSW,9
1126,3185,VIC,11
1127,2206,NSW,10
1128,4869,QLD,4
1129,4226,QLD,8
1130,2062,NSW,12
1131,4814,QLD,3
1132,3076,VIC,7
1133,4815,QLD,4
1134,2076,NSW,11
1135,2539,NSW,6
1136,2147,NSW,9
1137,3184,VIC,3
1138,4503,QLD,6
1139,4127,QLD,2
1140,2206,NSW,10
1141,3162,VIC,11
1142,2526,NSW,9
1143,2579,NSW,5
1144,2177,NSW,9
1145,3165,VIC,10
1146,3201,VIC,4
1147,2768,NSW,9
1148,2160,NSW,5
1149,2148,NSW,7
1150,4502,QLD,4
1151,2166,NSW,9
1152,4551,QLD,10
1153,4127,QLD,4
1154,2222,NSW,11
1155,2710,NSW,1
1156,4510,QLD,3
1157,2090,NSW,12
1158,3038,VIC,4
1159,3551,VIC,8
1160,2250,NSW,7
1161,4122,QLD,7
1162,3031,VIC,10
1163,3145,VIC,9
1164,3142,VIC,9
1165,2710,NSW,1
1166,2576,NSW,8
1167,4209,QLD,6
1168,3442,VIC,8
1169,2153,NSW,10
1170,4064,QLD,9
1171,4152,QLD,8
1172,2230,NSW,9
1173,2127,NSW,7
1174,2529,NSW,7
1175,2170,NSW,9
1176,2212,NSW,9
1177,2150,NSW,8
1178,2118,NSW,9
1179,4012,QLD,8
1180,2747,NSW,8
1181,4217,QLD,8
1182,2430,NSW,3
1183,3039,VIC,6
1184,2017,NSW,9
1185,2213,NSW,10
1186,2061,NSW,10
1187,3644,VIC,1
1188,2104,NSW,11
1189,3173,VIC,9
1190,2830,NSW,2
1191,2044,NSW,10
1192,2168,NSW,9
1193,2320,NSW,5
1194,4118,QLD,4
1195,3043,VIC,8
1196,2251,NSW,10
1197,2560,NSW,8
1198,2873,NSW,1
1199,2541,NSW,7
1200,4350,QLD,3
1201,2761,NSW,9
1202,2155,NSW,10
1203,4017,QLD,6
1204,2222,NSW,10
1205,2222,NSW,10
1206,3429,VIC,5
1207,2321,NSW,4
1208,2079,NSW,10
1209,3072,VIC,9
1210,2230,NSW,9
1211,2007,NSW,8
1212,2620,NSW,9
1213,3034,VIC,10
1214,2086,NSW,11
1215,2231,NSW,10
1216,3175,VIC,7
1217,2580,NSW,4
1218,3037,VIC,7
1219,3550,VIC,4
1220,3218,VIC,7
1221,2020,NSW,9
1222,3930,VIC,9
1223,2480,NSW,7
1224,2259,NSW,6
1225,3130,VIC,10
1226,3029,VIC,7
1227,2285,NSW,7
1228,2830,NSW,4
1229,2119,NSW,11
1230,2153,NSW,9
1231,2120,NSW,10
1232,4573,QLD,8
1233,2085,NSW,11
1234,2763,NSW,9
1235,2852,NSW,2
1236,3030,VIC,7
1237,3677,VIC,4
1238,3030,VIC,5
1239,4122,QLD,7
1240,2760,NSW,8
1241,2750,NSW,9
1242,3806,VIC,7
1243,2155,NSW,11
1244,2127,NSW,8
1245,2155,NSW,10
1246,4873,QLD,2
1247,4820,QLD,1
1248,4873,QLD,2
1249,4817,QLD,2
1250,4818,QLD,7
1251,4519,QLD,6
1252,4806,QLD,4
1253,4805,QLD,2
1254,4701,QLD,1
1255,2478,NSW,9
1256,4560,QLD,6
1257,4740,QLD,2
1258,4720,QLD,1
1259,4702,QLD,1
1260,4702,QLD,2
1261,4127,QLD,2
1262,4670,QLD,3
1263,4670,QLD,1
1264,4670,QLD,2
1265,4655,QLD,3
1266,4610,QLD,1
1267,4655,QLD,3
1268,4551,QLD,9
1269,4702,QLD,6
1270,4702,QLD,6
1271,4506,QLD,4
1272,4503,QLD,5
1273,4503,QLD,2
1274,4512,QLD,7
1275,4511,QLD,2
1276,4500,QLD,8
1277,4380,QLD,1
1278,4370,QLD,4
1279,4817,QLD,3
1280,4350,QLD,7
1281,4213,QLD,8
1282,4340,QLD,5
1283,4122,QLD,7
1284,4306,QLD,8
1285,4306,QLD,6
1286,4306,QLD,8
1287,4306,QLD,4
1288,4306,QLD,7
1289,4306,QLD,1
1290,4305,QLD,5
1291,4304,QLD,2
1292,4301,QLD,3
1293,4300,QLD,6
1294,4212,QLD,7
1295,4209,QLD,7
1296,4211,QLD,6
1297,4210,QLD,7
1298,4205,QLD,5
1299,4051,QLD,8
1300,4165,QLD,9
1301,4165,QLD,7
1302,4053,QLD,7
1303,4217,QLD,1
1304,4130,QLD,7
1305,4124,QLD,4
1306,4208,QLD,7
1307,4123,QLD,6
1308,4118,QLD,7
1309,4115,QLD,8
1310,4164,QLD,9
1311,4127,QLD,7
1312,4115,QLD,8
1313,4152,QLD,4
1314,2452,NSW,8
1315,3931,VIC,10
1316,4280,QLD,7
1317,4300,QLD,2
1318,4055,QLD,6
1319,4128,QLD,2
1320,4500,QLD,3
1321,4370,QLD,6
1322,4017,QLD,8
1323,4053,QLD,7
1324,4020,QLD,5
1325,4019,QLD,4
1326,3188,VIC,8
1327,3977,VIC,8
1328,3806,VIC,8
1329,3940,VIC,7
1330,3939,VIC,6
1331,3910,VIC,7
1332,3977,VIC,10
1333,3840,VIC,2
1334,3840,VIC,2
1335,3977,VIC,5
1336,3810,VIC,6
1337,3806,VIC,8
1338,3804,VIC,9
1339,3805,VIC,8
1340,3765,VIC,7
1341,3757,VIC,7
1342,2582,NSW,8
1343,3196,VIC,8
1344,3747,VIC,4
1345,3677,VIC,1
1346,3620,VIC,4
1347,3620,VIC,2
1348,3630,VIC,2
1349,3151,VIC,10
1350,3023,VIC,7
1351,3564,VIC,2
1352,3199,VIC,7
1353,3500,VIC,1
1354,3444,VIC,4
1355,3444,VIC,4
1356,3076,VIC,8
1357,3380,VIC,1
1358,3340,VIC,3
1359,3338,VIC,5
1360,3337,VIC,5
1361,3280,VIC,4
1362,3224,VIC,5
1363,3222,VIC,5
1364,3222,VIC,6
1365,3222,VIC,5
1366,4164,QLD,9
1367,3226,VIC,7
1368,3204,VIC,10
1369,3201,VIC,6
1370,3201,VIC,6
1371,3840,VIC,1
1372,3198,VIC,8
1373,3198,VIC,8
1374,3190,VIC,10
1375,3156,VIC,8
1376,3169,VIC,5
1377,3170,VIC,10
1378,3163,VIC,6
1379,3161,VIC,9
1380,3791,VIC,9
1381,3156,VIC,8
1382,3155,VIC,8
1383,3977,VIC,6
1384,4119,QLD,7
1385,3140,VIC,10
1386,3136,VIC,9
1387,3818,VIC,6
1388,3028,VIC,8
1389,3106,VIC,10
1390,3082,VIC,7
1391,3099,VIC,9
1392,3752,VIC,6
1393,3754,VIC,8
1394,3140,VIC,9
1395,3068,VIC,5
1396,3756,VIC,4
1397,3061,VIC,5
1398,3048,VIC,6
1399,3046,VIC,9
1400,4217,QLD,4
1401,3036,VIC,9
1402,3107,VIC,8
1403,3030,VIC,7
1404,3022,VIC,8
1405,3020,VIC,4
1406,3049,VIC,6
1407,3015,VIC,10
1408,2880,NSW,1
1409,3500,VIC,2
1410,2870,NSW,5
1411,2259,NSW,7
1412,2830,NSW,4
1413,2880,NSW,1
1414,2763,NSW,8
1415,2774,NSW,8
1416,2155,NSW,10
1417,2770,NSW,7
1418,2750,NSW,5
1419,2767,NSW,9
1420,2767,NSW,8
1421,2765,NSW,10
1422,2769,NSW,10
1423,2762,NSW,9
1424,2745,NSW,9
1425,2761,NSW,7
1426,2761,NSW,8
1427,2761,NSW,9
1428,2760,NSW,8
1429,2794,NSW,2
1430,2759,NSW,8
1431,2750,NSW,9
1432,2759,NSW,8
1433,2756,NSW,8
1434,2756,NSW,11
1435,2756,NSW,8
1436,2756,NSW,8
1437,2777,NSW,9
1438,2749,NSW,8
1439,2154,NSW,10
1440,2749,NSW,9
1441,2773,NSW,10
1442,2745,NSW,9
1443,2747,NSW,7
1444,2323,NSW,5
1445,2640,NSW,4
1446,3690,VIC,2
1447,2630,NSW,1
1448,2260,NSW,8
1449,2594,NSW,3
1450,2579,NSW,2
1451,2567,NSW,9
1452,2567,NSW,8
1453,2567,NSW,8
1454,2567,NSW,9
1455,2560,NSW,7
1456,2560,NSW,4
1457,2564,NSW,8
1458,2560,NSW,6
1459,2570,NSW,8
1460,2207,NSW,9
1461,2560,NSW,9
1462,4503,QLD,6
1463,2557,NSW,9
1464,2565,NSW,9
1465,2536,NSW,5
1466,2530,NSW,8
1467,2207,NSW,8
1468,2519,NSW,9
1469,2439,NSW,10
1470,2528,NSW,8
1471,2506,NSW,9
1472,2487,NSW,9
1473,2448,NSW,5
1474,2450,NSW,5
1475,2440,NSW,6
1476,2290,NSW,4
1477,2440,NSW,3
1478,2340,NSW,2
1479,4509,QLD,6
1480,2340,NSW,7
1481,2333,NSW,3
1482,2428,NSW,8
1483,2263,NSW,10
1484,2769,NSW,10
1485,2282,NSW,8
1486,2325,NSW,4
1487,2325,NSW,5
1488,2323,NSW,3
1489,2289,NSW,9
1490,2320,NSW,6
1491,2285,NSW,5
1492,2290,NSW,3
1493,2287,NSW,5
1494,2307,NSW,5
1495,2259,NSW,5
1496,2261,NSW,9
1497,2251,NSW,8
1498,2250,NSW,9
1499,2261,NSW,8
1500,2250,NSW,7
1501,2233,NSW,9
1502,2450,NSW,4
1503,2232,NSW,10
1504,2211,NSW,10
1505,2229,NSW,12
1506,2223,NSW,8
1507,2228,NSW,10
1508,2232,NSW,10
1509,2227,NSW,10
1510,2223,NSW,10
1511,2234,NSW,10
1512,2210,NSW,10
1513,2219,NSW,10
1514,2212,NSW,10
1515,2211,NSW,10
1516,2210,NSW,10
1517,2210,NSW,10
1518,2207,NSW,8
1519,2260,NSW,8
1520,2190,NSW,10
1521,2567,NSW,10
1522,2176,NSW,9
1523,2200,NSW,8
1524,2760,NSW,8
1525,2200,NSW,8
1526,2161,NSW,6
1527,2848,NSW,1
1528,2171,NSW,10
1529,2145,NSW,8
1530,2767,NSW,8
1531,2170,NSW,9
1532,2165,NSW,8
1533,2567,NSW,10
1534,2168,NSW,9
1535,2040,NSW,12
1536,2759,NSW,9
1537,2148,NSW,8
1538,2177,NSW,8
1539,2160,NSW,9
1540,2154,NSW,11
1541,2155,NSW,9
1542,2155,NSW,10
1543,2745,NSW,10
1544,2155,NSW,10
1545,3196,VIC,10
1546,2153,NSW,10
1547,2768,NSW,10
1548,2153,NSW,10
1549,2148,NSW,7
1550,2153,NSW,10
1551,2075,NSW,12
1552,2768,NSW,10
1553,2148,NSW,8
1554,2768,NSW,8
1555,2148,NSW,8
1556,2147,NSW,9
1557,2768,NSW,9
1558,2763,NSW,10
1559,2118,NSW,9
1560,2144,NSW,10
1561,2142,NSW,9
1562,2145,NSW,9
1563,4878,QLD,4
1564,2076,NSW,10
1565,2126,NSW,10
1566,2289,NSW,9
1567,2154,NSW,8
1568,2122,NSW,11
1569,2155,NSW,10
1570,2073,NSW,12
1571,2121,NSW,11
1572,2126,NSW,12
1573,2121,NSW,12
1574,2119,NSW,11
1575,2153,NSW,11
1576,2120,NSW,9
1577,2118,NSW,11
1578,2112,NSW,8
1579,2101,NSW,10
1580,4227,QLD,3
1581,2251,NSW,6
1582,2101,NSW,11
1583,2100,NSW,11
1584,2148,NSW,9
1585,2099,NSW,10
1586,2119,NSW,11
1587,2079,NSW,10
1588,2126,NSW,11
1589,2775,NSW,9
1590,4132,QLD,5
1591,2073,NSW,12
1592,2077,NSW,10
1593,2065,NSW,12
1594,2100,NSW,10
1595,3197,VIC,9
1596,2086,NSW,12
1597,2224,NSW,10
1598,2032,NSW,11
1599,2035,NSW,11
1600,4220,QLD,9
1601,2567,NSW,9
1602,2777,NSW,9
1603,4220,QLD,9
1604,4818,QLD,5
1605,3219,VIC,3
1606,3023,VIC,7
1607,3809,VIC,5
1608,2090,NSW,11
1609,2048,NSW,11
1610,2031,NSW,11
1611,2261,NSW,9
1612,2441,NSW,4
1613,2263,NSW,8
1614,2261,NSW,6
1615,3183,VIC,6
1616,4877,QLD,4
1617,4215,QLD,8
1618,3199,VIC,9
1619,2089,NSW,10
1620,2528,NSW,7
1621,2131,NSW,8
1622,3910,VIC,8
1623,3264,VIC,1
1624,2220,NSW,8
1625,2763,NSW,8
1626,4570,QLD,5
1627,3150,VIC,9
1628,2528,NSW,6
1629,4413,QLD,5
1630,2681,NSW,1
1631,4510,QLD,2
1632,3977,VIC,7
1633,4220,QLD,4
1634,2138,NSW,11
1635,3186,VIC,11
1636,2478,NSW,8
1637,2170,NSW,9
1638,3018,VIC,4
1639,2753,NSW,10
1640,4551,QLD,6
1641,3198,VIC,4
1642,2090,NSW,10
1643,2047,NSW,10
1644,2043,NSW,9
1645,2154,NSW,11
1646,2107,NSW,12
1647,4567,QLD,9
1648,3197,VIC,10
1649,2250,NSW,8
1650,4217,QLD,1
1651,2066,NSW,10
1652,4011,QLD,10
1653,2138,NSW,11
1654,3630,VIC,1
1655,3161,VIC,11
1656,4560,QLD,8
1657,2763,NSW,9
1658,2795,NSW,7
1659,2088,NSW,12
1660,3195,VIC,10
1661,2101,NSW,11
1662,3977,VIC,3
1663,2155,NSW,10
1664,4680,QLD,2
1665,2261,NSW,7
1666,2221,NSW,10
1667,2026,NSW,12
1668,2093,NSW,11
1669,2155,NSW,11
1670,2018,NSW,11
1671,3127,VIC,11
1672,2217,NSW,11
1673,2155,NSW,10
1674,2031,NSW,10
1675,3068,VIC,12
1676,2250,NSW,8
1677,2230,NSW,12
1678,2088,NSW,12
1679,2063,NSW,11
1680,2068,NSW,10
1681,3152,VIC,9
1682,3145,VIC,12
1683,2028,NSW,12
1684,4209,QLD,5
1685,3941,VIC,9
1686,2068,NSW,10
1687,2031,NSW,12
1688,3146,VIC,9
1689,4670,QLD,2
1690,2072,NSW,10
1691,2229,NSW,12
1692,3087,VIC,9
1693,4220,QLD,9
1694,3585,VIC,1
1695,2112,NSW,8
1696,2153,NSW,10
1697,2087,NSW,11
1698,2117,NSW,9
1699,2158,NSW,10
1700,4352,QLD,6
1701,2064,NSW,12
1702,2768,NSW,9
1703,3976,VIC,6
1704,3219,VIC,3
1705,4209,QLD,5
1706,2036,NSW,11
1707,4105,QLD,8
1708,2154,NSW,10
1709,2211,NSW,10
1710,2094,NSW,12
1711,4133,QLD,5
1712,3437,VIC,7
1713,3170,VIC,9
1714,2333,NSW,5
1715,2570,NSW,9
1716,2121,NSW,11
1717,3205,VIC,8
1718,2173,NSW,9
1719,3071,VIC,8
1720,3040,VIC,11
1721,4817,QLD,4
1722,2290,NSW,4
1723,4212,QLD,7
1724,2137,NSW,12
1725,2323,NSW,7
1726,2203,NSW,10
1727,2230,NSW,12
1728,2770,NSW,8
1729,2153,NSW,10
1730,2089,NSW,10
1731,4161,QLD,5
1732,3046,VIC,8
1733,2284,NSW,5
1734,4558,QLD,4
1735,4655,QLD,2
1736,4152,QLD,4
1737,4121,QLD,8
1738,3808,VIC,9
1739,2680,NSW,4
1740,3796,VIC,8
1741,2261,NSW,9
1742,4053,QLD,7
1743,4570,QLD,3
1744,4211,QLD,8
1745,4300,QLD,4
1746,4017,QLD,4
1747,4075,QLD,5
1748,4035,QLD,8
1749,3149,VIC,9
1750,2125,NSW,12
1751,2131,NSW,11
1752,2154,NSW,10
1753,2137,NSW,11
1754,3114,VIC,10
1755,2047,NSW,11
1756,3977,VIC,6
1757,4304,QLD,3
1758,2800,NSW,2
1759,2030,NSW,12
1760,3130,VIC,8
1761,2170,NSW,9
1762,3039,VIC,9
1763,3352,VIC,6
1764,3129,VIC,8
1765,4567,QLD,7
1766,4154,QLD,9
1767,4215,QLD,3
1768,2099,NSW,12
1769,2263,NSW,7
1770,2155,NSW,10
1771,4123,QLD,5
1772,2768,NSW,10
1773,2114,NSW,8
1774,2145,NSW,7
1775,3149,VIC,11
1776,4721,QLD,1
1777,2118,NSW,11
1778,3930,VIC,9
1779,3141,VIC,7
1780,3976,VIC,3
1781,2749,NSW,8
1782,2011,NSW,6
1783,2745,NSW,8
1784,2017,NSW,9
1785,3046,VIC,8
1786,2134,NSW,9
1787,3677,VIC,1
1788,2380,NSW,5
1789,2047,NSW,12
1790,2147,NSW,10
1791,4012,QLD,6
1792,2750,NSW,9
1793,3030,VIC,7
1794,4878,QLD,5
1795,2015,NSW,12
1796,2072,NSW,9
1797,3075,VIC,7
1798,3810,VIC,6
1799,2070,NSW,12
1800,2199,NSW,9
1801,4055,QLD,7
1802,4157,QLD,9
1803,4799,QLD,3
1804,2251,NSW,8
1805,2460,NSW,3
1806,4701,QLD,1
1807,4211,QLD,5
1808,2095,NSW,9
1809,2263,NSW,7
1810,2146,NSW,9
1811,2011,NSW,12
1812,2147,NSW,9
1813,4035,QLD,9
1814,2166,NSW,5
1815,2000,NSW,8
1816,4121,QLD,9
1817,3429,VIC,6
1818,3012,VIC,8
1819,3103,VIC,12
1820,2769,NSW,10
1821,2540,NSW,9
1822,2539,NSW,7
1823,3806,VIC,5
1824,3048,VIC,6
1825,3212,VIC,5
1826,2119,NSW,11
1827,4504,QLD,4
1828,4034,QLD,7
1829,2200,NSW,10
1830,2117,NSW,8
1831,3630,VIC,3
1832,4701,QLD,3
1833,4224,QLD,3
1834,4344,QLD,4
1835,2009,NSW,10
1836,2133,NSW,11
1837,2759,NSW,8
1838,3145,VIC,11
1839,4152,QLD,8
1840,2151,NSW,10
1841,2070,NSW,11
1842,2250,NSW,8
1843,3144,VIC,8
1844,3201,VIC,4
1845,2125,NSW,12
1846,3181,VIC,10
1847,2665,NSW,1
1848,2474,NSW,3
1849,3023,VIC,8
1850,2155,NSW,9
1851,2196,NSW,9
1852,3029,VIC,6
1853,3754,VIC,6
1854,3630,VIC,1
1855,3802,VIC,7
1856,2010,NSW,10
1857,3166,VIC,10
1858,2570,NSW,8
1859,2287,NSW,7
1860,4500,QLD,6
1861,2770,NSW,7
1862,2153,NSW,10
1863,2820,NSW,1
1864,4511,QLD,7
1865,3196,VIC,9
1866,2047,NSW,12
1867,2161,NSW,6
1868,4870,QLD,5
1869,4226,QLD,7
1870,4059,QLD,9
1871,4160,QLD,4
1872,2747,NSW,6
1873,3189,VIC,10
1874,2582,NSW,9
1875,4170,QLD,8
1876,2525,NSW,10
1877,4030,QLD,4
1878,4510,QLD,1
1879,2114,NSW,8
1880,2066,NSW,12
1881,2050,NSW,8
1882,2199,NSW,9
1883,4120,QLD,6
1884,2096,NSW,12
1885,2530,NSW,8
1886,2567,NSW,9
1887,3183,VIC,9
1888,2042,NSW,10
1889,2324,NSW,7
1890,4032,QLD,7
1891,2127,NSW,8
1892,2487,NSW,10
1893,4350,QLD,4
1894,3156,VIC,8
1895,3121,VIC,11
1896,4655,QLD,5
1897,4132,QLD,3
1898,4103,QLD,9
1899,3844,VIC,1
1900,4078,QLD,6
1901,4074,QLD,6
1902,3750,VIC,9
1903,3177,VIC,7
1904,2868,NSW,1
1905,2166,NSW,6
1906,2640,NSW,4
1907,2575,NSW,8
1908,2227,NSW,8
1909,2170,NSW,7
1910,2358,NSW,2
1911,4227,QLD,7
1912,2449,NSW,2
1913,2299,NSW,6
1914,4014,QLD,6
1915,3163,VIC,8
1916,2484,NSW,4
1917,2484,NSW,4
1918,2261,NSW,8
1919,4179,QLD,8
1920,2340,NSW,1
1921,2777,NSW,9
1922,3056,VIC,7
1923,3170,VIC,9
1924,2769,NSW,9
1925,4556,QLD,7
1926,4740,QLD,5
1927,3166,VIC,10
1928,2570,NSW,9
1929,3976,VIC,7
1930,3380,VIC,1
1931,4132,QLD,5
1932,3175,VIC,7
1933,2221,NSW,11
1934,2575,NSW,10
1935,2170,NSW,8
1936,3338,VIC,1
1937,2619,NSW,3
1938,4670,QLD,2
1939,4701,QLD,3
1940,4226,QLD,6
1941,4215,QLD,8
1942,2197,NSW,9
1943,2043,NSW,11
1944,3190,VIC,8
1945,2166,NSW,9
1946,2027,NSW,9
1947,2759,NSW,8
1948,2528,NSW,7
1949,2280,NSW,7
1950,2795,NSW,6
1951,3199,VIC,6
1952,4035,QLD,8
1953,3121,VIC,12
1954,2155,NSW,9
1955,2281,NSW,9
1956,4017,QLD,3
1957,3108,VIC,10
1958,2085,NSW,11
1959,4152,QLD,9
1960,4007,QLD,8
1961,2075,NSW,11
1962,2318,NSW,4
1963,4500,QLD,8
1964,4680,QLD,7
1965,2250,NSW,9
1966,2116,NSW,10
1967,2043,NSW,9
1968,4815,QLD,3
1969,3156,VIC,8
1970,3134,VIC,10
1971,3049,VIC,5
1972,2018,NSW,8
1973,2153,NSW,10
1974,2165,NSW,9
1975,4217,QLD,9
1976,3821,VIC,7
1977,2048,NSW,8
1978,3095,VIC,9
1979,4305,QLD,2
1980,2747,NSW,8
1981,2206,NSW,10
1982,2428,NSW,2
1983,4127,QLD,4
1984,2077,NSW,10
1985,2233,NSW,10
1986,2170,NSW,8
1987,2093,NSW,12
1988,3216,VIC,5
1989,2160,NSW,6
1990,2567,NSW,8
1991,2117,NSW,10
1992,2077,NSW,10
1993,2147,NSW,9
1994,3201,VIC,6
1995,4109,QLD,9
1996,4556,QLD,8
1997,2034,NSW,11
1998,3075,VIC,7
1999,4216,QLD,10
2000,2147,NSW,8
2001,2800,NSW,4
2002,2560,NSW,6
2003,4500,QLD,7
2004,2470,NSW,1
2005,3192,VIC,10
2006,2324,NSW,4
2007,2537,NSW,8
2008,4580,QLD,2
2009,2763,NSW,8
2010,2563,NSW,11
2011,2068,NSW,12
2012,2264,NSW,8
2013,2099,NSW,8
2014,2234,NSW,10
2015,2230,NSW,9
2016,2126,NSW,11
2017,2086,NSW,11
2018,2075,NSW,11
2019,4825,QLD,2
2020,3020,VIC,8
2021,2176,NSW,10
2022,2445,NSW,7
2023,2770,NSW,7
2024,4306,QLD,3
2025,4060,QLD,9
2026,2144,NSW,7
2027,2065,NSW,10
2028,2148,NSW,8
2029,4053,QLD,8
2030,3064,VIC,7
2031,3030,VIC,8
2032,2217,NSW,8
2033,2176,NSW,10
2034,2040,NSW,11
2035,2428,NSW,7
2036,2233,NSW,10
2037,2326,NSW,3
2038,3214,VIC,2
2039,2528,NSW,8
2040,4213,QLD,9
2041,2009,NSW,9
2042,3352,VIC,4
2043,4077,QLD,6
2044,2156,NSW,12
2045,2075,NSW,11
2046,2760,NSW,8
2047,4209,QLD,7
2048,2204,NSW,8
2049,2217,NSW,8
2050,2176,NSW,10
2051,2009,NSW,12
2052,4655,QLD,3
2053,4551,QLD,7
2054,2106,NSW,11
2055,2327,NSW,3
2056,2763,NSW,8
2057,3182,VIC,8
2058,4702,QLD,1
2059,3181,VIC,10
2060,3037,VIC,9
2061,4500,QLD,4
2062,4104,QLD,7
2063,3186,VIC,12
2064,4701,QLD,3
2065,2170,NSW,9
2066,2570,NSW,9
2067,2153,NSW,10
2068,2835,NSW,1
2069,4509,QLD,7
2070,2318,NSW,7
2071,3182,VIC,10
2072,3043,VIC,9
2073,3175,VIC,8
2074,2281,NSW,7
2075,4558,QLD,4
2076,3172,VIC,9
2077,4556,QLD,8
2078,2505,NSW,9
2079,2145,NSW,10
2080,2115,NSW,11
2081,2067,NSW,12
2082,2469,NSW,1
2083,2705,NSW,3
2084,4127,QLD,2
2085,3196,VIC,7
2086,2450,NSW,7
2087,3024,VIC,7
2088,4551,QLD,7
2089,2164,NSW,9
2090,2230,NSW,9
2091,2320,NSW,3
2092,3028,VIC,7
2093,2330,NSW,4
2094,4514,QLD,6
2095,3136,VIC,9
2096,2575,NSW,8
2097,4053,QLD,9
2098,4740,QLD,2
2099,2570,NSW,8
2100,3088,VIC,9
2101,3966,VIC,2
2102,2260,NSW,12
2103,2265,NSW,6
2104,4405,QLD,1
2105,3912,VIC,7
2106,2120,NSW,10
2107,4701,QLD,4
2108,4133,QLD,3
2109,2261,NSW,8
2110,4034,QLD,6
2111,2753,NSW,9
2112,2164,NSW,8
2113,4128,QLD,6
2114,2076,NSW,11
2115,3143,VIC,4
2116,3025,VIC,9
2117,2090,NSW,12
2118,2747,NSW,8
2119,4118,QLD,5
2120,2446,NSW,8
2121,3012,VIC,8
2122,3072,VIC,10
2123,4160,QLD,10
2124,3037,VIC,8
2125,2770,NSW,8
2126,2810,NSW,1
2127,3207,VIC,12
2128,2769,NSW,10
2129,2164,NSW,9
2130,2480,NSW,2
2131,2566,NSW,8
2132,2145,NSW,9
2133,2880,NSW,1
2134,3175,VIC,3
2135,2063,NSW,12
2136,2062,NSW,9
2137,4030,QLD,9
2138,2216,NSW,8
2139,3756,VIC,7
2140,4670,QLD,1
2141,2102,NSW,10
2142,4503,QLD,3
2143,2557,NSW,8
2144,2650,NSW,4
2145,2216,NSW,8
2146,2234,NSW,10
2147,2148,NSW,8
2148,3976,VIC,6
2149,2210,NSW,10
2150,4503,QLD,7
2151,4680,QLD,3
2152,3071,VIC,10
2153,4165,QLD,5
2154,2089,NSW,9
2155,3214,VIC,3
2156,2199,NSW,1
2157,4160,QLD,8
2158,2144,NSW,9
2159,4510,QLD,4
2160,3172,VIC,8
2161,3189,VIC,10
2162,2760,NSW,8
2163,2155,NSW,10
2164,2145,NSW,9
2165,3030,VIC,6
2166,2770,NSW,6
2167,2750,NSW,8
2168,4061,QLD,5
2169,2283,NSW,4
2170,2030,NSW,12
2171,2138,NSW,9
2172,2016,NSW,10
2173,2340,NSW,2
2174,3429,VIC,6
2175,3083,VIC,8
2176,2170,NSW,5
2177,2770,NSW,7
2178,4214,QLD,8
2179,3015,VIC,10
2180,3163,VIC,10
2181,2032,NSW,11
2182,4350,QLD,7
2183,4132,QLD,4
2184,2147,NSW,8
2185,2527,NSW,7
2186,2557,NSW,9
2187,2200,NSW,9
2188,4211,QLD,9
2189,4500,QLD,8
2190,2830,NSW,3
2191,3040,VIC,11
2192,4815,QLD,1
2193,3915,VIC,4
2194,4153,QLD,11
2195,4179,QLD,10
2196,2450,NSW,7
2197,3355,VIC,4
2198,2148,NSW,6
2199,2321,NSW,4
2200,2267,NSW,5
2201,4055,QLD,7
2202,2099,NSW,11
2203,2026,NSW,10
2204,2762,NSW,9
2205,3101,VIC,8
2206,2160,NSW,5
2207,4121,QLD,8
2208,2289,NSW,7
2209,2145,NSW,8
2210,3977,VIC,5
2211,2232,NSW,10
2212,4227,QLD,7
2213,2756,NSW,9
2214,2505,NSW,8
2215,3458,VIC,6
2216,2750,NSW,7
2217,4421,QLD,2
2218,3505,VIC,1
2219,3216,VIC,9
2220,2233,NSW,9
2221,4017,QLD,5
2222,2145,NSW,6
2223,3006,VIC,5
2224,2262,NSW,6
2225,4570,QLD,4
2226,4037,QLD,8
2227,3918,VIC,7
2228,3216,VIC,3
2229,2214,NSW,8
2230,3025,VIC,8
2231,4165,QLD,8
2232,2640,NSW,1
2233,2560,NSW,9
2234,2069,NSW,12
2235,4818,QLD,5
2236,2335,NSW,5
2237,2287,NSW,7
2238,3079,VIC,9
2239,2400,NSW,1
2240,3043,VIC,7
2241,3977,VIC,6
2242,3148,VIC,9
2243,2036,NSW,8
2244,2092,NSW,10
2245,4215,QLD,1
2246,2770,NSW,7
2247,2040,NSW,12
2248,3127,VIC,12
2249,2770,NSW,9
2250,2714,NSW,1
2251,3555,VIC,3
2252,3183,VIC,7
2253,2768,NSW,10
2254,2148,NSW,8
2255,2880,NSW,1
2256,2560,NSW,9
2257,2097,NSW,11
2258,2008,NSW,11
2259,2320,NSW,5
2260,2200,NSW,8
2261,3101,VIC,11
2262,4226,QLD,8
2263,3350,VIC,4
2264,3977,VIC,6
2265,4006,QLD,8
2266,2484,NSW,6
2267,4171,QLD,10
2268,3218,VIC,8
2269,2323,NSW,3
2270,3095,VIC,10
2271,2619,NSW,8
2272,4306,QLD,4
2273,2092,NSW,12
2274,2090,NSW,10
2275,3355,VIC,2
2276,2077,NSW,10
2277,3752,VIC,4
2278,2580,NSW,4
2279,2066,NSW,9
2280,3620,VIC,1
2281,3630,VIC,1
2282,3630,VIC,4
2283,3630,VIC,2
2284,3630,VIC,1
2285,3631,VIC,6
2286,3630,VIC,3
2287,3350,VIC,7
2288,3630,VIC,1
2289,3630,VIC,1
2290,3631,VIC,3
2291,3630,VIC,1
2292,2525,NSW,9
2293,2880,NSW,1
2294,4017,QLD,5
2295,2156,NSW,12
2296,4215,QLD,9
2297,4228,QLD,10
2298,3977,VIC,4
2299,3101,VIC,10
2300,4228,QLD,8
2301,4101,QLD,10
2302,3804,VIC,8
2303,2022,NSW,12
2304,2565,NSW,8
2305,3149,VIC,10
2306,3178,VIC,9
2307,4568,QLD,8
2308,3115,VIC,9
2309,4300,QLD,5
2310,2021,NSW,12
2311,2145,NSW,10
2312,4350,QLD,2
2313,4343,QLD,1
2314,4304,QLD,3
2315,2250,NSW,7
2316,3223,VIC,6
2317,3116,VIC,9
2318,3205,VIC,10
2319,2539,NSW,9
2320,2208,NSW,11
2321,4218,QLD,3
2322,2120,NSW,10
2323,4125,QLD,7
2324,4818,QLD,5
2325,3023,VIC,8
2326,3204,VIC,11
2327,2229,NSW,10
2328,4037,QLD,8
2329,2285,NSW,6
2330,2261,NSW,8
2331,2567,NSW,8
2332,2560,NSW,6
2333,3108,VIC,10
2334,3106,VIC,10
2335,2076,NSW,9
2336,2566,NSW,8
2337,2477,NSW,6
2338,2340,NSW,5
2339,2153,NSW,10
2340,4070,QLD,7
2341,3806,VIC,9
2342,2099,NSW,9
2343,4507,QLD,5
2344,2155,NSW,10
2345,4070,QLD,8
2346,2114,NSW,12
2347,2049,NSW,12
2348,2164,NSW,8
2349,2360,NSW,1
2350,2213,NSW,10
2351,3181,VIC,10
2352,3194,VIC,10
2353,2262,NSW,6
2354,3138,VIC,8
2355,2529,NSW,8
2356,4173,QLD,7
2357,2073,NSW,12
2358,4301,QLD,2
2359,4825,QLD,3
2360,2227,NSW,10
2361,4020,QLD,7
2362,2176,NSW,9
2363,4223,QLD,9
2364,4152,QLD,9
2365,4127,QLD,6
2366,2300,NSW,9
2367,3040,VIC,10
2368,2284,NSW,5
2369,3219,VIC,5
2370,2508,NSW,10
2371,2099,NSW,10
2372,3149,VIC,12
2373,3023,VIC,7
2374,3025,VIC,9
2375,3172,VIC,8
2376,2064,NSW,9
2377,3147,VIC,11
2378,2065,NSW,10
2379,2222,NSW,10
2380,2016,NSW,10
2381,2015,NSW,9
2382,4034,QLD,8
2383,2147,NSW,9
2384,2065,NSW,9
2385,3074,VIC,7
2386,2200,NSW,9
2387,2038,NSW,11
2388,2533,NSW,8
2389,2758,NSW,8
2390,4209,QLD,7
2391,4178,QLD,7
2392,2573,NSW,6
2393,4179,QLD,7
2394,4159,QLD,7
2395,4131,QLD,5
2396,4128,QLD,7
2397,2142,NSW,7
2398,4034,QLD,5
2399,2259,NSW,6
2400,4218,QLD,11
2401,3807,VIC,6
2402,2150,NSW,7
2403,2190,NSW,10
2404,2065,NSW,11
2405,2285,NSW,5
2406,4879,QLD,6
2407,2176,NSW,9
2408,2500,NSW,8
2409,2560,NSW,8
2410,3181,VIC,11
2411,2041,NSW,12
2412,4051,QLD,8
2413,3082,VIC,8
2414,3802,VIC,7
2415,2298,NSW,8
2416,2768,NSW,10
2417,2154,NSW,11
2418,3024,VIC,5
2419,4118,QLD,5
2420,4210,QLD,3
2421,3046,VIC,8
2422,2178,NSW,10
2423,3161,VIC,9
2424,4879,QLD,6
2425,2154,NSW,10
2426,2145,NSW,10
2427,2147,NSW,8
2428,3240,VIC,7
2429,2170,NSW,9
2430,2040,NSW,10
2431,4211,QLD,10
2432,2144,NSW,10
2433,2261,NSW,9
2434,4207,QLD,4
2435,4019,QLD,7
2436,2032,NSW,11
2437,3075,VIC,7
2438,2760,NSW,7
2439,4570,QLD,1
2440,2508,NSW,9
2441,4223,QLD,9
2442,2073,NSW,11
2443,2076,NSW,11
2444,3174,VIC,5
2445,2280,NSW,8
2446,2206,NSW,11
2447,2671,NSW,1
2448,2219,NSW,10
2449,3216,VIC,4
2450,4455,QLD,3
2451,4178,QLD,7
2452,3043,VIC,7
2453,2165,NSW,7
2454,2164,NSW,8
2455,4165,QLD,5
2456,3029,VIC,6
2457,4060,QLD,10
2458,2165,NSW,10
2459,4034,QLD,6
2460,3690,VIC,1
2461,2148,NSW,9
2462,3028,VIC,8
2463,3156,VIC,10
2464,2573,NSW,8
2465,2761,NSW,8
2466,4650,QLD,1
2467,2540,NSW,7
2468,4014,QLD,8
2469,2036,NSW,11
2470,2250,NSW,8
2471,2208,NSW,10
2472,3160,VIC,7
2473,3754,VIC,6
2474,4814,QLD,2
2475,4017,QLD,5
2476,4118,QLD,5
2477,2530,NSW,9
2478,4370,QLD,6
2479,3195,VIC,9
2480,4655,QLD,2
2481,3023,VIC,7
2482,2145,NSW,9
2483,2560,NSW,7
2484,2444,NSW,7
2485,2880,NSW,1
2486,2063,NSW,12
2487,3806,VIC,7
2488,2114,NSW,8
2489,2102,NSW,9
2490,2120,NSW,10
2491,3101,VIC,7
2492,2770,NSW,9
2493,2203,NSW,11
2494,2166,NSW,9
2495,2560,NSW,8
2496,4551,QLD,7
2497,4171,QLD,9
2498,2093,NSW,11
2499,4055,QLD,7
2500,4165,QLD,6
2501,2566,NSW,9
2502,3046,VIC,9
2503,2760,NSW,7
2504,4060,QLD,9
2505,2112,NSW,11
2506,2207,NSW,11
2507,2880,NSW,1
2508,2300,NSW,8
2509,4341,QLD,2
2510,3250,VIC,4
2511,2087,NSW,11
2512,4655,QLD,6
2513,2033,NSW,12
2514,3111,VIC,10
2515,2118,NSW,10
2516,4070,QLD,5
2517,2760,NSW,6
2518,3071,VIC,10
2519,4825,QLD,2
2520,4551,QLD,6
2521,3342,VIC,7
2522,2262,NSW,9
2523,4205,QLD,4
2524,2190,NSW,10
2525,3500,VIC,2
2526,2138,NSW,9
2527,3523,VIC,2
2528,4161,QLD,7
2529,3023,VIC,7
2530,2567,NSW,8
2531,2340,NSW,5
2532,2153,NSW,11
2533,2177,NSW,8
2534,2350,NSW,3
2535,4209,QLD,4
2536,2264,NSW,7
2537,2046,NSW,11
2538,2009,NSW,10
2539,2785,NSW,7
2540,2560,NSW,7
2541,2234,NSW,10
2542,2207,NSW,8
2543,2117,NSW,10
2544,2261,NSW,7
2545,3995,VIC,2
2546,3351,VIC,5
2547,4503,QLD,4
2548,3029,VIC,7
2549,2323,NSW,9
2550,3000,VIC,6
2551,3156,VIC,8
2552,2214,NSW,9
2553,4160,QLD,7
2554,2380,NSW,3
2555,2430,NSW,7
2556,2462,NSW,2
2557,3076,VIC,8
2558,3015,VIC,9
2559,2650,NSW,2
2560,2000,NSW,8
2561,4670,QLD,1
2562,3677,VIC,5
2563,2121,NSW,11
2564,2107,NSW,11
2565,2007,NSW,11
2566,3041,VIC,8
2567,2705,NSW,5
2568,3177,VIC,5
2569,2061,NSW,10
2570,4812,QLD,3
2571,2010,NSW,11
2572,2075,NSW,10
2573,2233,NSW,9
2574,2470,NSW,3
2575,2171,NSW,9
2576,2548,NSW,7
2577,2159,NSW,11
2578,4509,QLD,7
2579,3184,VIC,9
2580,3260,VIC,1
2581,2099,NSW,11
2582,4216,QLD,7
2583,2138,NSW,8
2584,2534,NSW,9
2585,4565,QLD,7
2586,2032,NSW,8
2587,4812,QLD,5
2588,2034,NSW,10
2589,4218,QLD,10
2590,2102,NSW,11
2591,2021,NSW,12
2592,3977,VIC,5
2593,2870,NSW,4
2594,2197,NSW,9
2595,4152,QLD,6
2596,2280,NSW,7
2597,4217,QLD,10
2598,2204,NSW,8
2599,3910,VIC,9
2600,4116,QLD,9
2601,2315,NSW,7
2602,2066,NSW,12
2603,3146,VIC,11
2604,3185,VIC,9
2605,3618,VIC,1
2606,2093,NSW,10
2607,3071,VIC,10
2608,3127,VIC,12
2609,2287,NSW,6
2610,4507,QLD,7
2611,2218,NSW,10
2612,2450,NSW,9
2613,2087,NSW,11
2614,3000,VIC,7
2615,2580,NSW,7
2616,2162,NSW,9
2617,2147,NSW,9
2618,2780,NSW,8
2619,4570,QLD,3
2620,2190,NSW,10
2621,2167,NSW,7
2622,4405,QLD,1
2623,2445,NSW,7
2624,3977,VIC,7
2625,3810,VIC,6
2626,2462,NSW,5
2627,2753,NSW,7
2628,2567,NSW,7
2629,2000,NSW,9
2630,2304,NSW,5
2631,2759,NSW,8
2632,2113,NSW,9
2633,2871,NSW,1
2634,2034,NSW,12
2635,3279,VIC,8
2636,2000,NSW,10
2637,2100,NSW,10
2638,2100,NSW,11
2639,4503,QLD,6
2640,3147,VIC,10
2641,2031,NSW,12
2642,4106,QLD,5
2643,4352,QLD,5
2644,3141,VIC,7
2645,2135,NSW,12
2646,4701,QLD,1
2647,2770,NSW,7
2648,4503,QLD,5
2649,2769,NSW,10
2650,4213,QLD,8
2651,2298,NSW,6
2652,2234,NSW,10
2653,3931,VIC,8
2654,2210,NSW,10
2655,4012,QLD,3
2656,3070,VIC,10
2657,3911,VIC,5
2658,2190,NSW,9
2659,4151,QLD,4
2660,4213,QLD,8
2661,2770,NSW,7
2662,2460,NSW,2
2663,2756,NSW,8
2664,2155,NSW,10
2665,2566,NSW,8
2666,2151,NSW,8
2667,3188,VIC,10
2668,4226,QLD,8
2669,3250,VIC,2
2670,4700,QLD,3
2671,2799,NSW,2
2672,2137,NSW,12
2673,2650,NSW,5
2674,3030,VIC,7
2675,2527,NSW,7
2676,4670,QLD,3
2677,2088,NSW,12
2678,3191,VIC,11
2679,2756,NSW,8
2680,3121,VIC,11
2681,3192,VIC,8
2682,4740,QLD,5
2683,4564,QLD,8
2684,4860,QLD,2
2685,2570,NSW,8
2686,3174,VIC,8
2687,2208,NSW,10
2688,4878,QLD,4
2689,3922,VIC,2
2690,2177,NSW,9
2691,2256,NSW,6
2692,3020,VIC,7
2693,4078,QLD,7
2694,4510,QLD,3
2695,2068,NSW,12
2696,4031,QLD,8
2697,2067,NSW,12
2698,2166,NSW,8
2699,3057,VIC,7
2700,2570,NSW,8
2701,3280,VIC,4
2702,2758,NSW,9
2703,2779,NSW,7
2704,2261,NSW,5
2705,4815,QLD,2
2706,2070,NSW,12
2707,4123,QLD,8
2708,3028,VIC,6
2709,2810,NSW,1
2710,4660,QLD,3
2711,2095,NSW,11
2712,2259,NSW,7
2713,2049,NSW,11
2714,2284,NSW,4
2715,3147,VIC,11
2716,2112,NSW,11
2717,2580,NSW,5
2718,3228,VIC,9
2719,4209,QLD,4
2720,2038,NSW,12
2721,2620,NSW,10
2722,3127,VIC,10
2723,2148,NSW,9
2724,4073,QLD,6
2725,2444,NSW,7
2726,2261,NSW,7
2727,4215,QLD,6
2728,3188,VIC,11
2729,3810,VIC,5
2730,4165,QLD,7
2731,2196,NSW,10
2732,3067,VIC,9
2733,4740,QLD,2
2734,2233,NSW,8
2735,4504,QLD,5
2736,2159,NSW,11
2737,2211,NSW,8
2738,2774,NSW,9
2739,3149,VIC,12
2740,2226,NSW,7
2741,4740,QLD,2
2742,4124,QLD,8
2743,2113,NSW,11
2744,2843,NSW,1
2745,2767,NSW,8
2746,3027,VIC,8
2747,2118,NSW,9
2748,2260,NSW,11
2749,2196,NSW,10
2750,3130,VIC,10
2751,4035,QLD,7
2752,3977,VIC,8
2753,2155,NSW,9
2754,2287,NSW,7
2755,4503,QLD,6
2756,3088,VIC,9
2757,3046,VIC,8
2758,2155,NSW,9
2759,3995,VIC,3
2760,4655,QLD,3
2761,2214,NSW,9
2762,3977,VIC,7
2763,3066,VIC,10
2764,4301,QLD,1
2765,4051,QLD,8
2766,2203,NSW,9
2767,2225,NSW,10
2768,2016,NSW,12
2769,2203,NSW,11
2770,2444,NSW,6
2771,2830,NSW,4
2772,2750,NSW,9
2773,3204,VIC,7
2774,3840,VIC,1
2775,4014,QLD,8
2776,4115,QLD,7
2777,2572,NSW,8
2778,2287,NSW,5
2779,2128,NSW,7
2780,4869,QLD,2
2781,3064,VIC,7
2782,2170,NSW,8
2783,2171,NSW,9
2784,4157,QLD,7
2785,4054,QLD,6
2786,4069,QLD,9
2787,3018,VIC,9
2788,3150,VIC,10
2789,2112,NSW,11
2790,2763,NSW,8
2791,2170,NSW,8
2792,3081,VIC,9
2793,3058,VIC,8
2794,2216,NSW,8
2795,3500,VIC,3
2796,2343,NSW,2
2797,3134,VIC,7
2798,3064,VIC,5
2799,2200,NSW,9
2800,2320,NSW,5
2801,3212,VIC,3
2802,3377,VIC,1
2803,3207,VIC,6
2804,2770,NSW,8
2805,2760,NSW,7
2806,3130,VIC,5
2807,2320,NSW,6
2808,2010,NSW,9
2809,3065,VIC,12
2810,3141,VIC,8
2811,2141,NSW,9
2812,2769,NSW,10
2813,2048,NSW,9
2814,4075,QLD,6
2815,3029,VIC,5
2816,4226,QLD,9
2817,2120,NSW,10
2818,4500,QLD,4
2819,2211,NSW,10
2820,2295,NSW,8
2821,2099,NSW,11
2822,3124,VIC,12
2823,2770,NSW,6
2824,3107,VIC,10
2825,2049,NSW,9
2826,3121,VIC,10
2827,2099,NSW,11
2828,3015,VIC,10
2829,2300,NSW,8
2830,3149,VIC,10
2831,2021,NSW,12
2832,3140,VIC,8
2833,2650,NSW,4
2834,2760,NSW,7
2835,2560,NSW,8
2836,2093,NSW,9
2837,3181,VIC,8
2838,4350,QLD,8
2839,2450,NSW,7
2840,3337,VIC,3
2841,2142,NSW,7
2842,2068,NSW,12
2843,2282,NSW,8
2844,2165,NSW,7
2845,4270,QLD,7
2846,3156,VIC,10
2847,2770,NSW,9
2848,3103,VIC,12
2849,2300,NSW,8
2850,2487,NSW,9
2851,2770,NSW,8
2852,3163,VIC,9
2853,2089,NSW,10
2854,2323,NSW,4
2855,2155,NSW,10
2856,2077,NSW,10
2857,4300,QLD,6
2858,2044,NSW,10
2859,4034,QLD,7
2860,2564,NSW,7
2861,4154,QLD,9
2862,2031,NSW,10
2863,2460,NSW,3
2864,3757,VIC,6
2865,2099,NSW,9
2866,2750,NSW,7
2867,2770,NSW,6
2868,2086,NSW,10
2869,2070,NSW,9
2870,2200,NSW,7
2871,2047,NSW,12
2872,4810,QLD,8
2873,2486,NSW,8
2874,3043,VIC,7
2875,4221,QLD,9
2876,2044,NSW,10
2877,4211,QLD,5
2878,2316,NSW,6
2879,3179,VIC,9
2880,2067,NSW,9
2881,2089,NSW,11
2882,4115,QLD,3
2883,2756,NSW,8
2884,2777,NSW,9
2885,2761,NSW,8
2886,2121,NSW,11
2887,2046,NSW,10
2888,2528,NSW,7
2889,3064,VIC,5
2890,2018,NSW,11
2891,2481,NSW,11
2892,2145,NSW,7
2893,2763,NSW,8
2894,4818,QLD,4
2895,2075,NSW,9
2896,3082,VIC,4
2897,3189,VIC,10
2898,2250,NSW,7
2899,2880,NSW,1
2900,2530,NSW,7
2901,4301,QLD,3
2902,2170,NSW,9
2903,2170,NSW,8
2904,2211,NSW,9
2905,2452,NSW,5
2906,2480,NSW,4
2907,3195,VIC,10
2908,3175,VIC,8
2909,3198,VIC,9
2910,3184,VIC,10
2911,3106,VIC,10
2912,2075,NSW,11
2913,3350,VIC,5
2914,2763,NSW,9
2915,4868,QLD,4
2916,4220,QLD,8
2917,4118,QLD,6
2918,4551,QLD,8
2919,4121,QLD,9
2920,2299,NSW,8
2921,4060,QLD,9
2922,4210,QLD,4
2923,2440,NSW,2
2924,3166,VIC,10
2925,2259,NSW,8
2926,4005,QLD,12
2927,3933,VIC,11
2928,2044,NSW,10
2929,4883,QLD,3
2930,2081,NSW,10
2931,4702,QLD,5
2932,4570,QLD,3
2933,3810,VIC,5
2934,2471,NSW,2
2935,2199,NSW,9
2936,2223,NSW,10
2937,3046,VIC,8
2938,4005,QLD,7
2939,2200,NSW,9
2940,4114,QLD,3
2941,4207,QLD,1
2942,2539,NSW,5
2943,4157,QLD,3
2944,2119,NSW,10
2945,2233,NSW,9
2946,3148,VIC,10
2947,4211,QLD,3
2948,4105,QLD,9
2949,3175,VIC,5
2950,3064,VIC,6
2951,3437,VIC,8
2952,2117,NSW,10
2953,3037,VIC,7
2954,3032,VIC,8
2955,2765,NSW,9
2956,2166,NSW,9
2957,2259,NSW,8
2958,2529,NSW,8
2959,4300,QLD,5
2960,2537,NSW,4
2961,3031,VIC,8
2962,2029,NSW,11
2963,2114,NSW,10
2964,2023,NSW,10
2965,2320,NSW,5
2966,2010,NSW,9
2967,4301,QLD,3
2968,4014,QLD,8
2969,2763,NSW,9
2970,2760,NSW,8
2971,2064,NSW,12
2972,2127,NSW,9
2973,3106,VIC,11
2974,3442,VIC,7
2975,2204,NSW,9
2976,3140,VIC,9
2977,3030,VIC,4
2978,2250,NSW,9
2979,3053,VIC,6
2980,3181,VIC,6
2981,2760,NSW,9
2982,3195,VIC,9
2983,3163,VIC,9
2984,2106,NSW,11
2985,2216,NSW,10
2986,2199,NSW,9
2987,2036,NSW,8
2988,3071,VIC,10
2989,2234,NSW,10
2990,2066,NSW,12
2991,2830,NSW,4
2992,3429,VIC,5
2993,2138,NSW,9
2994,2763,NSW,8
2995,2250,NSW,7
2996,4212,QLD,7
2997,4285,QLD,3
2998,4556,QLD,7
2999,3023,VIC,8
3000,2144,NSW,10
3001,2155,NSW,10
3002,2470,NSW,2
3003,2166,NSW,8
3004,3179,VIC,9
3005,2216,NSW,10
3006,2529,NSW,7
3007,2478,NSW,10
3008,2560,NSW,7
3009,3805,VIC,7
3010,2767,NSW,8
3011,2096,NSW,12
3012,3250,VIC,2
3013,4115,QLD,7
3014,2065,NSW,10
3015,4214,QLD,9
3016,2745,NSW,10
3017,3140,VIC,9
3018,2567,NSW,9
3019,2228,NSW,9
3020,4870,QLD,1
3021,3175,VIC,4
3022,4116,QLD,8
3023,2166,NSW,9
3024,3056,VIC,6
3025,2155,NSW,11
3026,2164,NSW,9
3027,4510,QLD,3
3028,4304,QLD,2
3029,2230,NSW,10
3030,2541,NSW,5
3031,4305,QLD,1
3032,4207,QLD,6
3033,3183,VIC,7
3034,3079,VIC,6
3035,2125,NSW,11
3036,2168,NSW,8
3037,2000,NSW,11
3038,4510,QLD,5
3039,2763,NSW,8
3040,2010,NSW,9
3041,4211,QLD,7
3042,4455,QLD,2
3043,2217,NSW,8
3044,3147,VIC,12
3045,4511,QLD,1
3046,2761,NSW,8
3047,2077,NSW,10
3048,3677,VIC,1
3049,3338,VIC,3
3050,2546,NSW,6
3051,2010,NSW,11
3052,2260,NSW,9
3053,2428,NSW,5
3054,4275,QLD,3
3055,4870,QLD,6
3056,3802,VIC,8
3057,2031,NSW,10
3058,2022,NSW,12
3059,3216,VIC,7
3060,2166,NSW,8
3061,2530,NSW,8
3062,4350,QLD,2
3063,4509,QLD,6
3064,3064,VIC,8
3065,2234,NSW,11
3066,3107,VIC,10
3067,3806,VIC,6
3068,3072,VIC,7
3069,3551,VIC,4
3070,2220,NSW,9
3071,2261,NSW,9
3072,2323,NSW,5
3073,3132,VIC,10
3074,2250,NSW,9
3075,3068,VIC,8
3076,2126,NSW,10
3077,2099,NSW,10
3078,2798,NSW,6
3079,2176,NSW,9
3080,3939,VIC,8
3081,3024,VIC,6
3082,2761,NSW,8
3083,2773,NSW,9
3084,4305,QLD,4
3085,3910,VIC,8
3086,4116,QLD,7
3087,2567,NSW,8
3088,2760,NSW,8
3089,4504,QLD,7
3090,3020,VIC,8
3091,3021,VIC,7
3092,4508,QLD,4
3093,3042,VIC,9
3094,2151,NSW,8
3095,3141,VIC,10
3096,2290,NSW,7
3097,2170,NSW,5
3098,4301,QLD,4
3099,4870,QLD,7
3100,2101,NSW,11
3101,2135,NSW,12
3102,2323,NSW,6
3103,4014,QLD,7
3104,4118,QLD,3
3105,4017,QLD,7
3106,2770,NSW,6
3107,4818,QLD,3
3108,4670,QLD,2
3109,2170,NSW,9
3110,4305,QLD,3
3111,2112,NSW,11
3112,3162,VIC,11
3113,2194,NSW,7
3114,2620,NSW,5
3115,3805,VIC,7
3116,3156,VIC,8
3117,3805,VIC,7
3118,4152,QLD,8
3119,4118,QLD,9
3120,2196,NSW,5
3121,2304,NSW,7
3122,2763,NSW,9
3123,2195,NSW,6
3124,2560,NSW,6
3125,2500,NSW,8
3126,3048,VIC,5
3127,3048,VIC,6
3128,3620,VIC,1
3129,4702,QLD,2
3130,4503,QLD,4
3131,3149,VIC,10
3132,2502,NSW,6
3133,2566,NSW,8
3134,2880,NSW,1
3135,2096,NSW,10
3136,2250,NSW,7
3137,3195,VIC,8
3138,2226,NSW,10
3139,3024,VIC,7
3140,2040,NSW,10
3141,4151,QLD,9
3142,2036,NSW,9
3143,3000,VIC,8
3144,3807,VIC,9
3145,2010,NSW,7
3146,2428,NSW,5
3147,3199,VIC,7
3148,2519,NSW,9
3149,3141,VIC,10
3150,2220,NSW,9
3151,4055,QLD,8
3152,4034,QLD,7
3153,2200,NSW,9
3154,2021,NSW,10
3155,2486,NSW,7
3156,2565,NSW,10
3157,2454,NSW,7
3158,4170,QLD,9
3159,3201,VIC,7
3160,2224,NSW,10
3161,3138,VIC,9
3162,2121,NSW,11
3163,2151,NSW,10
3164,2166,NSW,9
3165,2745,NSW,9
3166,2017,NSW,8
3167,3155,VIC,8
3168,4215,QLD,7
3169,3027,VIC,7
3170,3138,VIC,8
3171,2326,NSW,1
3172,4655,QLD,3
3173,3690,VIC,2
3174,2040,NSW,12
3175,3072,VIC,9
3176,3756,VIC,4
3177,2085,NSW,10
3178,4161,QLD,7
3179,2756,NSW,9
3180,2147,NSW,9
3181,2642,NSW,2
3182,2074,NSW,11
3183,3165,VIC,10
3184,2196,NSW,10
3185,2320,NSW,7
3186,3173,VIC,9
3187,2150,NSW,7
3188,3085,VIC,9
3189,4205,QLD,3
3190,3936,VIC,9
3191,4280,QLD,4
3192,3995,VIC,2
3193,2519,NSW,10
3194,4870,QLD,9
3195,2077,NSW,8
3196,3977,VIC,7
3197,2031,NSW,8
3198,3796,VIC,8
3199,4208,QLD,7
3200,4130,QLD,7
3201,2767,NSW,8
3202,2071,NSW,9
3203,4122,QLD,8
3204,4022,QLD,6
3205,2153,NSW,10
3206,2075,NSW,9
3207,2821,NSW,1
3208,3620,VIC,2
3209,4053,QLD,7
3210,3024,VIC,5
3211,3083,VIC,8
3212,2065,NSW,12
3213,3079,VIC,11
3214,4869,QLD,3
3215,2122,NSW,11
3216,4390,QLD,7
3217,2122,NSW,11
3218,4503,QLD,4
3219,2477,NSW,7
3220,2029,NSW,10
3221,4055,QLD,8
3222,4030,QLD,9
3223,2021,NSW,9
3224,3083,VIC,8
3225,2154,NSW,11
3226,3977,VIC,7
3227,3108,VIC,7
3228,2880,NSW,1
3229,3012,VIC,1
3230,3029,VIC,5
3231,3085,VIC,8
3232,3070,VIC,10
3233,3023,VIC,7
3234,3141,VIC,8
3235,3169,VIC,9
3236,3199,VIC,4
3237,2527,NSW,8
3238,2306,NSW,4
3239,3793,VIC,7
3240,2760,NSW,8
3241,4011,QLD,7
3242,3168,VIC,8
3243,3915,VIC,7
3244,3083,VIC,9
3245,2145,NSW,8
3246,4007,QLD,12
3247,3350,VIC,5
3248,3029,VIC,7
3249,2325,NSW,4
3250,4300,QLD,5
3251,2193,NSW,10
3252,2089,NSW,12
3253,2170,NSW,8
3254,4701,QLD,6
3255,3128,VIC,10
3256,4031,QLD,9
3257,2322,NSW,7
3258,2093,NSW,9
3259,4740,QLD,3
3260,4075,QLD,4
3261,2745,NSW,8
3262,4221,QLD,8
3263,2135,NSW,9
3264,2204,NSW,11
3265,3038,VIC,8
3266,2095,NSW,12
3267,2869,NSW,4
3268,3175,VIC,5
3269,2170,NSW,9
3270,3068,VIC,10
3271,2226,NSW,10
3272,3616,VIC,3
3273,3175,VIC,12
3274,2120,NSW,10
3275,2074,NSW,11
3276,4750,QLD,2
3277,2021,NSW,7
3278,4105,QLD,8
3279,2170,NSW,9
3280,2113,NSW,11
3281,4350,QLD,1
3282,2099,NSW,10
3283,2759,NSW,8
3284,3057,VIC,10
3285,3059,VIC,9
3286,3977,VIC,7
3287,2086,NSW,11
3288,2770,NSW,9
3289,2075,NSW,12
3290,3153,VIC,8
3291,2113,NSW,11
3292,2042,NSW,10
3293,2130,NSW,11
3294,3350,VIC,4
3295,3810,VIC,4
3296,2154,NSW,11
3297,3213,VIC,6
3298,3064,VIC,7
3299,3153,VIC,6
3300,2176,NSW,9
3301,2280,NSW,8
3302,2017,NSW,9
3303,3130,VIC,10
3304,4122,QLD,8
3305,2204,NSW,10
3306,2170,NSW,9
3307,4740,QLD,2
3308,2062,NSW,12
3309,4124,QLD,6
3310,2295,NSW,8
3311,4343,QLD,7
3312,4505,QLD,2
3313,2768,NSW,10
3314,2200,NSW,10
3315,3862,VIC,7
3316,2010,NSW,9
3317,3137,VIC,7
3318,2880,NSW,1
3319,3029,VIC,7
3320,3109,VIC,10
3321,2042,NSW,11
3322,2094,NSW,10
3323,4213,QLD,7
3324,3155,VIC,9
3325,2870,NSW,2
3326,2763,NSW,9
3327,3337,VIC,4
3328,4300,QLD,6
3329,2770,NSW,8
3330,2030,NSW,12
3331,3219,VIC,3
3332,2220,NSW,11
3333,2020,NSW,10
3334,2000,NSW,12
3335,4820,QLD,1
3336,4820,QLD,1
3337,4209,QLD,4
3338,2775,NSW,6
3339,3610,VIC,3
3340,2107,NSW,11
3341,2030,NSW,12
3342,2281,NSW,9
3343,3228,VIC,8
3344,2093,NSW,12
3345,4370,QLD,2
3346,4300,QLD,2
3347,3071,VIC,10
3348,2880,NSW,1
3349,3196,VIC,9
3350,2200,NSW,10
3351,4214,QLD,7
3352,3056,VIC,5
3353,2205,NSW,8
3354,3161,VIC,10
3355,4102,QLD,4
3356,3121,VIC,8
3357,4207,QLD,4
3358,2160,NSW,9
3359,3181,VIC,7
3360,2173,NSW,10
3361,2176,NSW,9
3362,4154,QLD,9
3363,4825,QLD,5
3364,2300,NSW,6
3365,2766,NSW,9
3366,2144,NSW,7
3367,3677,VIC,2
3368,2564,NSW,8
3369,4670,QLD,1
3370,2076,NSW,12
3371,4165,QLD,4
3372,2047,NSW,12
3373,2060,NSW,10
3374,2160,NSW,8
3375,2216,NSW,10
3376,2121,NSW,9
3377,4213,QLD,9
3378,3082,VIC,8
3379,3146,VIC,11
3380,3977,VIC,5
3381,3799,VIC,3
3382,3129,VIC,10
3383,3786,VIC,8
3384,4061,QLD,8
3385,2088,NSW,9
3386,2705,NSW,1
3387,2261,NSW,9
3388,2291,NSW,6
3389,3134,VIC,9
3390,3196,VIC,8
3391,3021,VIC,7
3392,2131,NSW,11
3393,2093,NSW,12
3394,2019,NSW,10
3395,3174,VIC,8
3396,2191,NSW,10
3397,4055,QLD,8
3398,2147,NSW,9
3399,2120,NSW,9
3400,3205,VIC,10
3401,2142,NSW,10
3402,2880,NSW,1
3403,3028,VIC,5
3404,2100,NSW,11
3405,4014,QLD,6
3406,2096,NSW,9
3407,3015,VIC,10
3408,4178,QLD,8
3409,4870,QLD,1
3410,2049,NSW,10
3411,3029,VIC,5
3412,2217,NSW,8
3413,2160,NSW,10
3414,2539,NSW,7
3415,2285,NSW,7
3416,3155,VIC,7
3417,3131,VIC,12
3418,2713,NSW,1
3419,4125,QLD,7
3420,4118,QLD,5
3421,2226,NSW,10
3422,2155,NSW,10
3423,3094,VIC,9
3424,3806,VIC,8
3425,3122,VIC,7
3426,2750,NSW,8
3427,2226,NSW,9
3428,2850,NSW,3
3429,2820,NSW,1
3430,2060,NSW,12
3431,3500,VIC,1
3432,4173,QLD,7
3433,3174,VIC,8
3434,3149,VIC,11
3435,4301,QLD,3
3436,2153,NSW,10
3437,3073,VIC,6
3438,2830,NSW,7
3439,3037,VIC,8
3440,2221,NSW,12
3441,3034,VIC,9
3442,2295,NSW,8
3443,2380,NSW,3
3444,3043,VIC,8
3445,3352,VIC,4
3446,4868,QLD,4
3447,3021,VIC,8
3448,2147,NSW,9
3449,2120,NSW,10
3450,4207,QLD,3
3451,2340,NSW,5
3452,2210,NSW,10
3453,4272,QLD,9
3454,4151,QLD,9
3455,4670,QLD,4
3456,2154,NSW,11
3457,3226,VIC,8
3458,2096,NSW,9
3459,4113,QLD,10
3460,3051,VIC,10
3461,2196,NSW,9
3462,3634,VIC,1
3463,2027,NSW,11
3464,2076,NSW,10
3465,2095,NSW,12
3466,3079,VIC,11
3467,4350,QLD,6
3468,2230,NSW,12
3469,4304,QLD,3
3470,3121,VIC,11
3471,2230,NSW,7
3472,2640,NSW,3
3473,3803,VIC,7
3474,4515,QLD,1
3475,2153,NSW,10
3476,2101,NSW,11
3477,2261,NSW,7
3478,2880,NSW,1
3479,3095,VIC,9
3480,2300,NSW,10
3481,3223,VIC,7
3482,4069,QLD,8
3483,4216,QLD,5
3484,4519,QLD,6
3485,2620,NSW,8
3486,2548,NSW,8
3487,3146,VIC,9
3488,2136,NSW,10
3489,2099,NSW,11
3490,2126,NSW,10
3491,3195,VIC,10
3492,3021,VIC,9
3493,2090,NSW,10
3494,2033,NSW,10
3495,2767,NSW,9
3496,2171,NSW,9
3497,3976,VIC,5
3498,3012,VIC,4
3499,4073,QLD,9
3500,2100,NSW,10
3501,2119,NSW,11
3502,2155,NSW,10
3503,2122,NSW,11
3504,3195,VIC,10
3505,2022,NSW,10
3506,2194,NSW,7
3507,3555,VIC,3
3508,3195,VIC,10
3509,3031,VIC,9
3510,2700,NSW,2
3511,3340,VIC,4
3512,2019,NSW,10
3513,2035,NSW,9
3514,3155,VIC,7
3515,4825,QLD,5
3516,2152,NSW,10
3517,4121,QLD,8
3518,2211,NSW,8
3519,2470,NSW,5
3520,2071,NSW,12
3521,2101,NSW,11
3522,2095,NSW,11
3523,2194,NSW,10
3524,2471,NSW,2
3525,4812,QLD,3
3526,2774,NSW,9
3527,3123,VIC,9
3528,2145,NSW,10
3529,2294,NSW,7
3530,2007,NSW,8
3531,2147,NSW,10
3532,3978,VIC,6
3533,2705,NSW,5
3534,3305,VIC,1
3535,2575,NSW,6
3536,3072,VIC,10
3537,2250,NSW,7
3538,2198,NSW,9
3539,4509,QLD,7
3540,4061,QLD,8
3541,2136,NSW,9
3542,4670,QLD,2
3543,4304,QLD,4
3544,4350,QLD,4
3545,3046,VIC,9
3546,2097,NSW,12
3547,3065,VIC,10
3548,3023,VIC,8
3549,2508,NSW,9
3550,2745,NSW,8
3551,4680,QLD,6
3552,2778,NSW,7
3553,3125,VIC,10
3554,2101,NSW,11
3555,2076,NSW,12
3556,3182,VIC,12
3557,4730,QLD,4
3558,4155,QLD,10
3559,4215,QLD,7
3560,4505,QLD,2
3561,4000,QLD,7
3562,2204,NSW,9
3563,4074,QLD,7
3564,2065,NSW,12
3565,2072,NSW,12
3566,2570,NSW,9
3567,4225,QLD,5
3568,4179,QLD,9
3569,2566,NSW,8
3570,3564,VIC,2
3571,3556,VIC,2
3572,2570,NSW,8
3573,4208,QLD,7
3574,4508,QLD,3
3575,2795,NSW,4
3576,2799,NSW,4
3577,4007,QLD,4
3578,2177,NSW,9
3579,2565,NSW,6
3580,3216,VIC,7
3581,3805,VIC,9
3582,2155,NSW,10
3583,2155,NSW,10
3584,4128,QLD,7
3585,3103,VIC,12
3586,2196,NSW,10
3587,2763,NSW,8
3588,2260,NSW,10
3589,4575,QLD,8
3590,2065,NSW,11
3591,2346,NSW,2
3592,4715,QLD,6
3593,3174,VIC,8
3594,3121,VIC,10
3595,2768,NSW,10
3596,3183,VIC,11
3597,2283,NSW,7
3598,2429,NSW,2
3599,2065,NSW,12
3600,3752,VIC,8
3601,2558,NSW,7
3602,2548,NSW,6
3603,2830,NSW,2
3604,2560,NSW,8
3605,4555,QLD,7
3606,3199,VIC,7
3607,2049,NSW,11
3608,2038,NSW,10
3609,2233,NSW,9
3610,3133,VIC,10
3611,4211,QLD,8
3612,3127,VIC,12
3613,3030,VIC,7
3614,2759,NSW,8
3615,4165,QLD,7
3616,3064,VIC,6
3617,2193,NSW,10
3618,3146,VIC,8
3619,2753,NSW,8
3620,4306,QLD,8
3621,2650,NSW,3
3622,2000,NSW,10
3623,2830,NSW,1
3624,2322,NSW,4
3625,2322,NSW,4
3626,2763,NSW,8
3627,2217,NSW,9
3628,2768,NSW,9
3629,2810,NSW,5
3630,2151,NSW,10
3631,4035,QLD,8
3632,3805,VIC,7
3633,2132,NSW,11
3634,2759,NSW,8
3635,2145,NSW,9
3636,4343,QLD,2
3637,2766,NSW,8
3638,2087,NSW,11
3639,2036,NSW,7
3640,2502,NSW,6
3641,2190,NSW,10
3642,2800,NSW,4
3643,3012,VIC,5
3644,2018,NSW,10
3645,3212,VIC,2
3646,3350,VIC,3
3647,4216,QLD,8
3648,3040,VIC,10
3649,2229,NSW,9
3650,2045,NSW,12
3651,2220,NSW,12
3652,2480,NSW,4
3653,4064,QLD,9
3654,2024,NSW,10
3655,4508,QLD,3
3656,2064,NSW,9
3657,4211,QLD,7
3658,3101,VIC,8
3659,4076,QLD,3
3660,2205,NSW,10
3661,2759,NSW,8
3662,3930,VIC,9
3663,3101,VIC,12
3664,2768,NSW,9
3665,3380,VIC,1
3666,3030,VIC,7
3667,3073,VIC,10
3668,2261,NSW,5
3669,2486,NSW,8
3670,4211,QLD,8
3671,2152,NSW,10
3672,2745,NSW,10
3673,3041,VIC,3
3674,3216,VIC,4
3675,4511,QLD,5
3676,2031,NSW,12
3677,2176,NSW,10
3678,2176,NSW,9
3679,2320,NSW,5
3680,4500,QLD,5
3681,2089,NSW,10
3682,4306,QLD,3
3683,2066,NSW,9
3684,3321,VIC,3
3685,2011,NSW,11
3686,3161,VIC,6
3687,2133,NSW,8
3688,3196,VIC,5
3689,3350,VIC,6
3690,2197,NSW,9
3691,3064,VIC,6
3692,2753,NSW,9
3693,3153,VIC,7
3694,3193,VIC,11
3695,2147,NSW,8
3696,2761,NSW,8
3697,2035,NSW,12
3698,4573,QLD,8
3699,3064,VIC,5
3700,4207,QLD,3
3701,2120,NSW,10
3702,2289,NSW,7
3703,2750,NSW,7
3704,3747,VIC,3
3705,2256,NSW,9
3706,3196,VIC,9
3707,3165,VIC,10
3708,4209,QLD,6
3709,3189,VIC,10
3710,2204,NSW,9
3711,4350,QLD,5
3712,2768,NSW,9
3713,4078,QLD,5
3714,2350,NSW,4
3715,3064,VIC,6
3716,2023,NSW,12
3717,3805,VIC,7
3718,4118,QLD,9
3719,2821,NSW,2
3720,3150,VIC,10
3721,3337,VIC,4
3722,3072,VIC,10
3723,2125,NSW,11
3724,3201,VIC,5
3725,2075,NSW,12
3726,2484,NSW,8
3727,3158,VIC,8
3728,2250,NSW,10
3729,3109,VIC,10
3730,4132,QLD,4
3731,2765,NSW,9
3732,2756,NSW,9
3733,2194,NSW,8
3734,4212,QLD,8
3735,2016,NSW,11
3736,2390,NSW,8
3737,2505,NSW,8
3738,2164,NSW,10
3739,3149,VIC,9
3740,2806,NSW,1
3741,2192,NSW,10
3742,3006,VIC,7
3743,3191,VIC,10
3744,2528,NSW,7
3745,2806,NSW,1
3746,2232,NSW,10
3747,3199,VIC,7
3748,2558,NSW,8
3749,2060,NSW,12
3750,2450,NSW,4
3751,4213,QLD,6
3752,2176,NSW,9
3753,2560,NSW,7
3754,2753,NSW,8
3755,2257,NSW,9
3756,4123,QLD,9
3757,2074,NSW,11
3758,2144,NSW,10
3759,3192,VIC,7
3760,3121,VIC,11
3761,2321,NSW,3
3762,2767,NSW,9
3763,3072,VIC,5
3764,3064,VIC,4
3765,2087,NSW,11
3766,3201,VIC,6
3767,2500,NSW,7
3768,4012,QLD,7
3769,2117,NSW,10
3770,2034,NSW,10
3771,2093,NSW,9
3772,2011,NSW,10
3773,4034,QLD,7
3774,3020,VIC,8
3775,4172,QLD,5
3776,3977,VIC,6
3777,4226,QLD,7
3778,3351,VIC,4
3779,3142,VIC,11
3780,2560,NSW,8
3781,4128,QLD,7
3782,2280,NSW,7
3783,3078,VIC,11
3784,2756,NSW,9
3785,2077,NSW,10
3786,2074,NSW,11
3787,2047,NSW,10
3788,2850,NSW,3
3789,3083,VIC,9
3790,3215,VIC,3
3791,3083,VIC,8
3792,4370,QLD,3
3793,2153,NSW,10
3794,3152,VIC,10
3795,2138,NSW,9
3796,2710,NSW,1
3797,2099,NSW,9
3798,3070,VIC,9
3799,3104,VIC,12
3800,4116,QLD,7
3801,2262,NSW,7
3802,2324,NSW,7
3803,3977,VIC,6
3804,2263,NSW,6
3805,2177,NSW,9
3806,4208,QLD,5
3807,4127,QLD,6
3808,3215,VIC,3
3809,3145,VIC,12
3810,2141,NSW,7
3811,2062,NSW,9
3812,2118,NSW,11
3813,2880,NSW,1
3814,3065,VIC,7
3815,3199,VIC,5
3816,2144,NSW,9
3817,3860,VIC,1
3818,2046,NSW,12
3819,2226,NSW,8
3820,2209,NSW,10
3821,2135,NSW,7
3822,2658,NSW,1
3823,3015,VIC,10
3824,2428,NSW,8
3825,2446,NSW,7
3826,3124,VIC,7
3827,3810,VIC,5
3828,3136,VIC,9
3829,3052,VIC,8
3830,4306,QLD,6
3831,2170,NSW,6
3832,2118,NSW,9
3833,2209,NSW,10
3834,3029,VIC,7
3835,3183,VIC,6
3836,3754,VIC,6
3837,3168,VIC,10
3838,3807,VIC,8
3839,2206,NSW,11
3840,3338,VIC,3
3841,3177,VIC,3
3842,2121,NSW,11
3843,4073,QLD,8
3844,4211,QLD,7
3845,4163,QLD,8
3846,4557,QLD,7
3847,2759,NSW,8
3848,2220,NSW,11
3849,2508,NSW,10
3850,4011,QLD,11
3851,4720,QLD,3
3852,4575,QLD,4
3853,4352,QLD,8
3854,4817,QLD,4
3855,4825,QLD,4
3856,2761,NSW,7
3857,2145,NSW,7
3858,2164,NSW,9
3859,2566,NSW,7
3860,2560,NSW,8
3861,2480,NSW,3
3862,3189,VIC,10
3863,4270,QLD,8
3864,4305,QLD,3
3865,2590,NSW,1
3866,4812,QLD,2
3867,3175,VIC,9
3868,2428,NSW,5
3869,2165,NSW,7
3870,2289,NSW,8
3871,4118,QLD,4
3872,2226,NSW,10
3873,2756,NSW,9
3874,2150,NSW,7
3875,2478,NSW,7
3876,3280,VIC,2
3877,2304,NSW,6
3878,3046,VIC,9
3879,2071,NSW,11
3880,2761,NSW,8
3881,2327,NSW,3
3882,2282,NSW,9
3883,2148,NSW,9
3884,2550,NSW,4
3885,2154,NSW,11
3886,4300,QLD,1
3887,4509,QLD,6
3888,3150,VIC,12
3889,2705,NSW,1
3890,2558,NSW,9
3891,2567,NSW,5
3892,2763,NSW,9
3893,3178,VIC,7
3894,3013,VIC,8
3895,2753,NSW,10
3896,2165,NSW,8
3897,4161,QLD,5
3898,3173,VIC,9
3899,3057,VIC,6
3900,2073,NSW,12
3901,2671,NSW,2
3902,2877,NSW,1
3903,4311,QLD,3
3904,3756,VIC,4
3905,3064,VIC,7
3906,2099,NSW,11
3907,2176,NSW,9
3908,3192,VIC,10
3909,2747,NSW,9
3910,3103,VIC,8
3911,2539,NSW,8
3912,4152,QLD,9
3913,2155,NSW,10
3914,2156,NSW,11
3915,2770,NSW,7
3916,2756,NSW,8
3917,4680,QLD,4
3918,2486,NSW,5
3919,3150,VIC,10
3920,2768,NSW,9
3921,2065,NSW,12
3922,4311,QLD,1
3923,4218,QLD,8
3924,3107,VIC,10
3925,2099,NSW,11
3926,2777,NSW,9
3927,2170,NSW,9
3928,2234,NSW,10
3929,4178,QLD,8
3930,2154,NSW,9
3931,2096,NSW,9
3932,2223,NSW,8
3933,3939,VIC,2
3934,4078,QLD,6
3935,3106,VIC,10
3936,3089,VIC,10
3937,2750,NSW,8
3938,2768,NSW,10
3939,2085,NSW,11
3940,2111,NSW,9
3941,4350,QLD,2
3942,2036,NSW,11
3943,4053,QLD,8
3944,2126,NSW,12
3945,4034,QLD,7
3946,2565,NSW,8
3947,2223,NSW,4
3948,3108,VIC,9
3949,3756,VIC,2
3950,4017,QLD,7
3951,4122,QLD,7
3952,3148,VIC,10
3953,3030,VIC,5
3954,4118,QLD,5
3955,3500,VIC,2
3956,4163,QLD,8
3957,2086,NSW,11
3958,3631,VIC,3
3959,3802,VIC,7
3960,3085,VIC,9
3961,2234,NSW,10
3962,2506,NSW,7
3963,2470,NSW,2
3964,2093,NSW,9
3965,2770,NSW,7
3966,3106,VIC,10
3967,2747,NSW,8
3968,2069,NSW,12
3969,2170,NSW,5
3970,3977,VIC,7
3971,2526,NSW,8
3972,3184,VIC,11
3973,2191,NSW,10
3974,3934,VIC,8
3975,2168,NSW,9
3976,3805,VIC,7
3977,3187,VIC,11
3978,2560,NSW,7
3979,2148,NSW,8
3980,2114,NSW,10
3981,3178,VIC,9
3982,2165,NSW,9
3983,2126,NSW,10
3984,2223,NSW,10
3985,4077,QLD,5
3986,2148,NSW,9
3987,4218,QLD,10
3988,2076,NSW,11
3989,2428,NSW,2
3990,2560,NSW,8
3991,4300,QLD,5
3992,2209,NSW,11
3993,3750,VIC,6
3994,3030,VIC,2
3995,2088,NSW,12
3996,3977,VIC,6
3997,2350,NSW,2
3998,2540,NSW,6
3999,3064,VIC,3
4000,4511,QLD,6
4001,2756,NSW,10
4002,4032,QLD,7
4003,2251,NSW,7
