customer_id,target
1,1
2,0
3,1
4,0
5,1
6,0
7,0
8,1
9,1
10,1
11,1
12,1
13,1
14,0
15,1
16,0
17,0
18,1
19,0
20,0
21,0
22,1
23,1
24,1
25,1
26,0
27,1
28,1
29,1
30,0
31,0
32,1
33,1
34,1
35,0
36,0
37,1
38,0
39,1
40,1
41,1
42,0
43,1
44,1
45,0
46,0
47,1
48,1
49,0
50,1
51,1
52,1
53,0
54,1
55,1
56,1
57,1
58,1
59,0
60,0
61,1
62,1
63,0
64,0
65,1
66,0
67,0
68,0
69,1
70,0
71,0
72,0
73,1
74,0
75,1
76,1
77,0
78,0
79,1
80,1
81,0
82,0
83,1
84,1
85,1
86,1
87,1
88,1
89,1
90,1
91,1
92,0
93,0
94,1
95,0
96,0
97,1
98,0
99,1
100,0
101,0
102,1
103,0
104,1
105,0
106,0
107,0
108,0
109,1
110,1
111,0
112,1
113,0
114,0
115,1
116,1
117,1
118,0
119,0
120,0
121,0
122,0
123,0
124,1
125,1
126,0
127,1
128,0
129,0
130,0
131,0
132,1
133,0
134,1
135,1
136,1
137,0
138,1
139,1
140,1
141,0
142,1
143,0
144,1
145,1
146,0
147,1
148,0
149,0
150,0
151,1
152,0
153,1
154,1
155,0
156,0
157,0
158,1
159,1
160,0
161,0
162,0
163,0
164,0
165,1
166,1
167,1
168,1
169,0
170,0
171,1
172,1
173,1
174,1
175,0
176,0
177,1
178,0
179,0
180,1
181,1
182,1
183,1
184,0
185,1
186,1
187,1
188,1
189,0
190,0
191,0
192,0
193,0
194,0
195,1
196,1
197,1
198,1
199,0
200,1
201,1
202,0
203,0
204,1
205,1
206,0
207,0
208,0
209,0
210,1
211,1
212,0
213,1
214,1
215,1
216,0
217,1
218,0
219,1
220,1
221,1
222,0
223,1
224,0
225,0
226,0
227,0
228,0
229,0
230,1
231,0
232,1
233,1
234,1
235,1
236,0
237,1
238,0
239,1
240,0
241,0
242,1
243,1
244,0
245,0
246,1
247,1
248,1
249,1
250,1
251,0
252,0
253,0
254,1
255,1
256,0
257,0
258,0
259,0
260,1
261,1
262,0
263,1
264,0
265,0
266,0
267,0
268,0
269,0
270,1
271,0
272,1
273,1
274,0
275,1
276,1
277,0
278,0
279,1
280,1
281,0
282,0
283,1
284,0
285,1
286,0
288,0
289,1
290,0
291,0
292,1
293,0
294,1
295,1
296,0
297,0
298,1
299,1
300,0
301,0
302,0
303,0
304,1
305,1
306,0
307,1
308,1
309,0
310,1
311,1
312,1
313,1
314,1
315,1
316,0
317,0
318,1
319,0
320,1
321,0
322,1
323,1
324,0
325,1
326,0
327,0
328,1
329,1
330,1
331,1
332,0
333,1
334,1
335,0
336,0
337,1
338,1
339,0
340,1
341,0
342,0
343,1
344,1
345,1
346,1
347,1
348,1
349,0
350,1
351,0
352,1
353,1
354,1
355,0
356,0
357,1
358,0
359,1
360,0
361,1
362,0
363,1
364,1
365,1
366,1
367,1
368,1
369,1
370,1
371,0
372,1
373,0
374,1
375,0
376,0
377,1
378,1
379,0
380,1
381,1
382,1
383,0
384,0
385,1
386,0
387,0
388,0
389,1
390,0
391,0
392,1
393,0
394,1
395,1
396,1
397,1
398,1
399,0
400,0
401,1
402,1
403,1
404,1
405,1
406,1
407,1
408,0
409,0
410,1
411,0
412,0
413,0
414,1
415,0
416,0
417,1
418,1
419,1
420,1
421,1
422,0
423,0
424,1
425,1
426,1
427,0
428,1
429,1
430,1
431,0
432,1
433,1
434,0
435,0
436,0
437,1
438,1
439,1
440,1
441,0
442,1
443,1
444,1
445,1
446,1
447,1
448,0
449,1
450,0
451,1
452,0
453,1
454,1
455,0
456,0
457,0
458,0
459,0
460,0
461,1
462,1
463,1
464,1
465,1
466,1
467,1
468,1
469,1
470,1
471,1
472,0
473,1
474,0
475,1
476,0
477,0
478,1
479,1
480,0
481,0
482,1
483,1
484,0
485,1
486,0
487,0
488,1
489,0
490,1
491,1
492,0
493,0
494,0
495,1
496,0
497,0
498,1
499,1
500,1
501,0
502,0
503,0
504,1
505,0
506,1
507,1
508,1
509,1
510,0
511,0
512,0
513,0
514,0
515,1
516,1
517,1
518,0
519,0
520,0
521,0
522,0
523,1
524,1
525,1
526,0
527,0
528,1
529,1
530,0
531,1
532,1
533,1
534,1
535,0
536,0
537,0
538,1
539,1
540,1
541,0
542,1
543,0
544,0
545,1
546,0
547,1
548,1
549,1
550,0
551,0
552,0
553,1
554,0
555,0
556,0
557,0
558,1
559,0
560,1
561,1
562,0
563,1
564,1
565,1
566,0
567,0
568,1
569,0
570,1
571,0
572,1
573,0
574,0
575,0
576,1
577,1
578,1
579,1
580,0
581,0
582,0
583,0
584,0
585,1
586,0
587,1
588,0
589,0
590,1
591,0
592,0
593,1
594,1
595,0
596,0
597,0
598,1
599,0
600,0
601,0
602,0
603,1
604,1
605,1
606,1
607,1
608,1
609,0
610,1
611,1
612,0
613,1
614,1
615,0
616,0
617,0
618,0
619,1
620,1
621,1
622,0
623,0
624,0
625,1
626,1
627,0
628,0
629,1
630,1
631,1
632,0
633,1
634,1
635,1
636,1
637,1
638,1
639,1
640,1
641,0
642,1
643,0
644,0
645,1
646,0
647,1
648,1
649,0
650,1
651,0
652,1
653,0
654,0
655,1
656,1
657,0
658,0
659,0
660,0
661,1
662,1
663,0
664,0
665,1
666,0
667,0
668,1
669,1
670,0
671,1
672,0
673,0
674,1
675,0
676,1
677,0
678,0
679,1
680,0
681,1
682,1
683,0
684,1
685,1
686,0
687,1
688,0
689,0
690,1
691,1
692,1
693,0
694,0
695,1
696,1
697,0
698,0
699,0
700,1
701,1
702,0
703,0
704,1
705,0
706,1
707,1
708,0
709,0
710,1
711,0
712,1
713,0
714,1
715,0
716,1
717,1
718,1
719,1
720,1
721,1
722,0
723,1
724,1
725,1
726,0
727,1
728,1
729,1
730,1
731,1
732,0
733,1
734,0
735,0
736,1
737,1
738,1
739,1
740,0
741,0
742,1
743,0
744,0
745,0
746,1
747,0
748,1
749,1
750,1
751,0
752,1
753,1
754,0
755,0
756,1
757,0
758,0
759,1
760,1
761,0
762,0
763,1
764,0
765,1
766,1
767,0
768,1
769,1
770,1
771,1
772,0
773,1
774,0
775,1
776,1
777,1
778,0
779,0
780,0
781,0
782,0
783,0
784,0
785,0
786,1
787,1
788,1
789,1
790,1
791,1
792,1
793,1
794,1
795,0
796,1
797,0
798,0
799,1
800,1
801,0
802,1
803,1
804,0
805,1
806,0
807,0
808,0
809,0
810,0
811,0
812,0
813,0
814,0
815,1
816,0
817,0
818,1
819,0
820,1
821,0
822,0
823,1
824,0
825,1
826,0
827,1
828,0
829,1
830,1
831,0
832,1
833,1
834,0
835,1
836,0
837,0
838,0
839,0
840,1
841,1
842,0
843,1
844,1
845,0
846,0
847,0
848,0
849,1
850,1
851,0
853,1
854,0
855,0
856,1
857,0
858,1
859,1
860,0
861,0
862,0
863,0
864,1
865,1
866,0
867,0
868,1
870,1
871,1
872,0
873,0
874,1
875,1
876,0
877,1
878,0
879,0
880,0
881,0
882,0
883,0
884,1
885,0
886,1
887,1
888,0
889,0
890,0
891,0
892,1
893,1
894,1
895,0
896,0
897,1
898,0
899,1
900,0
901,0
902,1
903,1
904,0
905,1
906,1
907,1
908,1
909,0
910,0
911,0
912,1
913,0
914,0
915,0
916,0
917,1
918,1
919,1
920,1
921,1
922,0
923,1
924,1
925,1
926,0
927,0
928,1
929,0
930,0
931,0
932,1
933,0
934,1
935,1
936,1
937,0
938,1
939,0
940,0
941,1
942,0
943,1
944,1
945,1
946,1
947,1
948,0
949,1
950,1
951,1
952,0
953,1
954,0
955,1
956,0
957,0
958,1
959,1
960,0
961,0
962,1
963,1
964,0
965,0
966,0
967,0
968,1
969,0
970,0
971,0
972,0
973,1
974,1
975,1
976,1
977,0
978,0
979,0
980,0
981,1
982,1
983,1
984,1
985,0
986,1
987,1
988,0
989,1
990,1
991,1
992,0
993,1
994,0
995,1
996,1
997,1
998,0
999,1
1000,1
1001,1
1002,0
1003,1
1004,0
1005,0
1006,1
1007,1
1008,0
1009,0
1010,0
1011,0
1012,0
1013,1
1014,1
1015,1
1016,1
1017,0
1018,0
1019,0
1020,0
1021,1
1022,0
1023,0
1024,1
1025,1
1026,1
1027,1
1028,1
1029,1
1030,1
1031,0
1032,1
1033,1
1034,0
1035,0
1036,0
1037,1
1038,0
1039,1
1040,0
1041,0
1042,0
1043,1
1044,0
1045,0
1046,0
1047,1
1048,1
1049,1
1050,1
1051,0
1052,1
1053,0
1054,1
1055,0
1056,1
1057,0
1058,0
1059,0
1060,0
1061,1
1062,1
1063,1
1064,0
1065,1
1066,0
1067,0
1068,1
1069,0
1070,0
1071,1
1072,0
1073,1
1074,1
1075,1
1076,1
1077,1
1078,1
1079,0
1080,0
1081,0
1082,0
1083,0
1084,1
1085,0
1086,1
1087,0
1088,1
1089,1
1090,1
1091,1
1092,0
1093,1
1094,1
1095,0
1096,0
1097,0
1098,1
1099,0
1100,0
1101,0
1102,1
1103,1
1104,1
1105,0
1106,1
1107,1
1108,0
1109,0
1110,1
1111,1
1112,0
1113,1
1114,0
1115,1
1116,0
1117,1
1118,0
1119,1
1120,1
1121,0
1122,0
1123,0
1124,0
1125,0
1126,0
1127,0
1128,0
1129,1
1130,0
1131,1
1132,1
1133,1
1134,1
1135,0
1136,1
1137,1
1138,1
1139,0
1140,1
1141,0
1142,0
1143,0
1144,1
1145,0
1146,0
1147,1
1148,0
1149,0
1150,0
1151,0
1152,1
1153,0
1154,1
1155,1
1156,0
1157,1
1158,1
1159,0
1160,0
1161,0
1162,0
1163,0
1164,0
1165,1
1166,1
1167,0
1168,1
1169,1
1170,0
1171,1
1172,1
1173,0
1174,0
1175,0
1176,0
1177,1
1178,1
1179,0
1180,0
1181,1
1182,1
1183,0
1184,1
1185,0
1186,0
1187,0
1188,0
1189,0
1190,1
1191,1
1192,0
1193,0
1194,1
1195,0
1196,1
1197,0
1198,1
1199,1
1200,1
1201,0
1202,0
1203,0
1204,0
1205,1
1206,0
1207,1
1208,0
1209,0
1210,1
1211,0
1212,0
1213,1
1214,0
1215,1
1216,0
1217,1
1218,1
1219,0
1220,0
1221,1
1222,0
1223,1
1224,1
1225,0
1226,0
1227,1
1228,0
1229,1
1230,0
1231,0
1232,1
1233,1
1234,1
1235,0
1236,0
1237,1
1238,1
1239,1
1240,0
1241,1
1242,0
1243,1
1244,0
1245,1
1246,0
1247,0
1248,0
1249,0
1250,1
1251,0
1252,1
1253,0
1254,1
1255,0
1256,1
1257,0
1258,1
1259,1
1260,0
1261,1
1262,0
1263,1
1264,0
1265,0
1266,0
1267,0
1268,0
1269,0
1270,0
1271,0
1272,1
1273,0
1274,1
1275,1
1276,0
1277,0
1278,0
1279,1
1280,0
1281,0
1282,1
1283,0
1284,0
1285,1
1286,1
1287,1
1288,0
1289,1
1290,1
1291,1
1292,0
1293,0
1294,0
1295,1
1296,0
1297,1
1298,0
1299,1
1300,1
1301,1
1302,1
1303,1
1304,1
1305,0
1306,1
1307,1
1308,0
1309,0
1310,0
1311,0
1312,0
1313,1
1314,0
1315,1
1316,0
1317,1
1318,1
1319,0
1320,1
1321,1
1322,0
1323,1
1324,1
1325,0
1326,1
1327,0
1328,1
1329,1
1330,1
1331,1
1332,1
1333,0
1334,0
1335,1
1336,1
1337,1
1338,0
1339,0
1340,1
1341,0
1342,0
1343,0
1344,0
1345,1
1346,1
1347,1
1348,0
1349,1
1350,0
1351,1
1352,0
1353,1
1354,0
1355,0
1356,1
1357,1
1358,1
1359,0
1360,0
1361,1
1362,0
1363,1
1364,0
1365,0
1366,0
1367,1
1368,1
1369,0
1370,0
1371,0
1372,1
1374,1
1375,0
1376,1
1377,0
1378,1
1379,0
1380,0
1381,0
1382,0
1383,0
1384,1
1385,0
1386,0
1387,0
1388,1
1389,1
1390,1
1391,0
1392,0
1393,0
1394,0
1395,0
1396,1
1397,1
1398,1
1399,0
1400,1
1401,0
1402,1
1403,0
1404,1
1405,1
1406,1
1407,1
1408,0
1409,0
1410,1
1411,1
1412,0
1413,1
1414,0
1415,0
1416,0
1417,1
1418,1
1419,0
1420,0
1421,1
1422,1
1423,1
1424,0
1425,0
1426,1
1427,1
1428,1
1429,1
1430,1
1431,0
1432,1
1433,0
1434,0
1435,1
1436,0
1437,0
1438,1
1439,0
1440,1
1441,0
1442,0
1443,1
1444,0
1445,1
1446,1
1447,1
1448,0
1449,1
1450,1
1451,1
1452,0
1453,0
1454,0
1455,0
1456,0
1457,1
1458,0
1459,0
1460,1
1461,1
1462,1
1463,0
1464,1
1465,0
1466,0
1467,1
1468,1
1469,1
1470,1
1471,0
1472,1
1473,1
1474,0
1475,1
1476,0
1477,1
1478,1
1479,0
1480,1
1481,1
1482,1
1483,1
1484,0
1485,0
1486,0
1487,0
1488,0
1489,0
1490,0
1491,0
1492,1
1493,1
1494,1
1495,0
1496,0
1497,1
1498,0
1499,0
1500,0
1501,0
1502,1
1503,1
1504,0
1505,0
1506,1
1507,0
1508,0
1509,0
1510,0
1511,1
1512,0
1513,1
1514,1
1515,1
1516,0
1517,1
1518,0
1519,1
1520,0
1521,0
1522,1
1523,0
1524,1
1525,0
1526,1
1527,1
1528,1
1529,0
1530,1
1531,1
1532,1
1533,1
1534,1
1535,0
1536,0
1537,1
1538,0
1539,1
1540,1
1541,0
1542,0
1543,0
1544,0
1545,1
1546,1
1547,1
1548,0
1549,1
1550,1
1551,1
1552,0
1553,0
1554,1
1555,1
1556,0
1557,1
1558,1
1559,1
1560,0
1561,1
1562,0
1563,0
1564,0
1565,0
1566,0
1567,1
1568,0
1569,0
1570,1
1571,0
1572,1
1573,0
1574,1
1575,0
1576,1
1577,1
1578,1
1579,1
1580,1
1581,1
1582,0
1583,0
1584,0
1585,1
1586,1
1587,0
1588,1
1589,1
1590,0
1591,1
1592,0
1593,1
1594,0
1595,1
1596,0
1597,1
1598,0
1599,1
1600,1
1601,0
1602,0
1603,0
1604,0
1605,0
1606,0
1607,0
1608,0
1609,0
1610,0
1611,1
1612,0
1613,1
1614,1
1615,1
1616,1
1617,0
1618,0
1619,1
1620,0
1621,0
1622,0
1623,1
1624,1
1625,1
1626,0
1627,1
1628,0
1629,1
1630,0
1631,0
1632,0
1633,0
1634,0
1635,0
1636,0
1637,1
1638,0
1639,1
1640,1
1641,1
1642,0
1643,1
1644,1
1645,1
1646,1
1647,1
1648,0
1649,0
1650,0
1651,0
1652,1
1653,0
1654,0
1655,0
1656,1
1657,1
1658,0
1659,1
1660,1
1661,0
1662,0
1663,1
1664,1
1665,1
1666,0
1667,1
1668,1
1669,1
1670,1
1671,0
1672,1
1673,0
1674,0
1675,0
1676,0
1677,1
1678,1
1679,0
1680,0
1681,0
1682,1
1683,1
1684,1
1685,0
1686,1
1687,0
1688,1
1689,0
1690,1
1691,1
1692,0
1693,1
1694,1
1695,0
1696,1
1697,0
1698,1
1699,1
1700,1
1701,0
1702,1
1703,0
1704,0
1705,0
1706,1
1707,1
1708,0
1709,0
1710,0
1711,1
1712,0
1713,1
1714,1
1715,0
1716,0
1717,0
1718,0
1719,0
1720,0
1721,1
1722,1
1723,0
1724,0
1725,1
1726,1
1727,1
1728,1
1729,1
1730,0
1731,1
1732,0
1733,0
1734,0
1735,0
1736,1
1737,0
1738,0
1739,0
1740,1
1741,0
1742,1
1743,1
1744,0
1745,1
1746,1
1747,0
1748,1
1749,0
1750,1
1751,0
1752,1
1753,0
1754,0
1755,1
1756,0
1757,0
1758,1
1759,1
1760,1
1761,0
1762,1
1763,1
1764,0
1765,1
1766,0
1767,0
1768,0
1769,1
1770,1
1771,0
1772,0
1773,1
1774,0
1775,0
1776,1
1777,1
1778,0
1779,1
1780,0
1781,0
1782,0
1783,1
1784,0
1785,1
1786,0
1787,1
1788,1
1789,0
1790,0
1791,1
1792,1
1793,1
1794,0
1795,1
1796,0
1797,1
1798,1
1799,0
1800,0
1801,1
1802,1
1803,1
1804,0
1805,0
1806,1
1807,1
1808,1
1809,1
1810,0
1811,1
1812,1
1813,1
1814,1
1815,0
1816,0
1817,1
1818,1
1819,0
1820,1
1821,1
1822,0
1823,1
1824,1
1825,1
1826,1
1827,0
1828,0
1829,0
1830,1
1831,1
1832,1
1833,0
1834,0
1835,1
1836,0
1837,1
1838,0
1839,1
1840,1
1841,0
1842,0
1843,0
1844,1
1845,1
1846,0
1847,0
1848,1
1849,1
1850,1
1851,0
1852,0
1853,1
1854,0
1855,0
1856,0
1857,0
1858,1
1859,0
1860,0
1861,0
1862,1
1863,1
1864,1
1865,0
1866,1
1867,1
1868,1
1869,0
1870,1
1871,0
1872,1
1873,0
1874,0
1875,1
1876,0
1877,1
1878,1
1879,1
1880,0
1881,1
1882,1
1883,0
1884,1
1885,1
1886,0
1887,1
1888,0
1889,0
1890,1
1891,1
1892,1
1893,1
1894,0
1895,1
1896,0
1897,1
1898,1
1899,0
1900,0
1901,1
1902,1
1903,0
1904,0
1905,1
1906,1
1907,0
1908,1
1909,1
1910,0
1911,0
1912,1
1913,1
1914,1
1915,0
1916,1
1917,1
1918,0
1919,0
1920,0
1921,0
1922,0
1923,0
1924,0
1925,1
1926,0
1927,0
1928,0
1929,1
1930,0
1931,0
1932,1
1933,1
1934,1
1935,1
1936,1
1937,1
1938,0
1939,0
1940,0
1941,0
1942,1
1943,0
1944,1
1945,0
1946,1
1947,1
1948,0
1949,1
1950,1
1951,1
1952,1
1953,1
1954,1
1955,0
1956,0
1957,1
1958,0
1959,1
1960,0
1961,0
1962,0
1963,0
1964,1
1965,0
1966,1
1967,1
1968,0
1969,1
1970,1
1971,1
1972,0
1973,0
1974,0
1975,0
1976,1
1977,0
1978,0
1979,0
1980,1
1981,0
1982,1
1983,0
1984,1
1985,1
1986,1
1987,0
1988,1
1989,0
1990,1
1991,1
1992,1
1993,1
1994,1
1995,1
1996,1
1997,0
1998,0
1999,1
2000,0
2001,1
2002,0
2003,0
2004,0
2005,1
2006,0
2007,0
2008,1
2009,1
2010,0
2011,0
2012,0
2013,1
2014,1
2015,1
2016,1
2017,1
2018,1
2019,1
2020,1
2021,0
2022,0
2023,1
2024,1
2025,0
2026,0
2027,1
2028,1
2029,1
2030,0
2031,0
2032,0
2033,1
2034,1
2035,0
2036,1
2037,0
2038,0
2039,0
2040,0
2041,1
2042,0
2043,0
2044,0
2045,1
2046,1
2047,0
2048,1
2049,0
2050,0
2051,1
2052,1
2053,1
2054,0
2055,1
2056,0
2057,1
2058,1
2059,0
2060,1
2061,1
2062,0
2063,0
2064,0
2065,0
2066,0
2067,1
2068,0
2069,1
2070,1
2071,1
2072,1
2073,1
2075,0
2076,1
2077,0
2078,0
2079,0
2080,1
2081,0
2082,1
2083,1
2084,0
2085,0
2086,0
2087,0
2088,1
2089,0
2090,0
2091,0
2092,0
2093,1
2094,0
2095,1
2096,0
2097,1
2098,1
2099,1
2100,0
2101,1
2102,1
2103,1
2104,1
2105,0
2106,0
2107,0
2108,0
2109,1
2110,1
2111,1
2112,0
2113,0
2114,1
2115,0
2116,0
2117,0
2118,1
2119,0
2120,1
2121,1
2122,0
2123,0
2124,1
2125,1
2126,0
2127,0
2128,0
2129,0
2130,1
2131,1
2132,1
2133,0
2134,0
2135,0
2136,0
2137,0
2138,1
2139,0
2140,1
2141,0
2142,1
2143,0
2144,1
2145,0
2146,0
2147,0
2148,0
2149,1
2150,1
2151,1
2152,1
2153,1
2154,1
2155,1
2156,1
2157,0
2158,0
2159,0
2160,1
2161,0
2162,0
2163,0
2164,1
2165,1
2166,1
2167,1
2168,0
2169,1
2170,1
2171,1
2172,0
2173,0
2174,1
2175,0
2176,0
2177,0
2178,0
2179,1
2180,0
2181,1
2182,1
2183,1
2184,1
2185,1
2186,0
2187,1
2188,1
2189,1
2190,1
2191,0
2192,1
2193,0
2194,1
2195,1
2196,0
2197,0
2198,0
2199,0
2200,0
2201,1
2202,1
2203,0
2204,1
2205,0
2206,0
2207,1
2208,1
2209,0
2210,1
2211,0
2212,1
2213,0
2214,0
2215,0
2216,0
2217,1
2218,0
2219,0
2220,0
2221,1
2222,1
2223,1
2224,0
2225,0
2226,1
2227,0
2228,0
2229,0
2230,1
2231,0
2232,1
2233,1
2234,1
2235,1
2236,0
2237,1
2238,0
2239,0
2240,1
2241,0
2242,0
2243,0
2244,0
2245,1
2246,0
2247,1
2248,1
2249,0
2250,0
2251,1
2252,0
2253,0
2254,0
2255,0
2256,0
2257,0
2258,1
2259,0
2260,1
2261,0
2262,0
2263,0
2264,1
2265,0
2266,1
2267,0
2268,1
2269,1
2270,0
2271,0
2272,1
2273,1
2274,0
2275,1
2276,0
2277,0
2278,0
2279,1
2280,0
2281,1
2282,1
2283,1
2284,1
2285,1
2286,0
2287,0
2288,1
2289,0
2290,1
2291,0
2292,1
2293,0
2294,1
2295,0
2296,0
2297,0
2298,0
2299,1
2300,0
2301,1
2302,0
2303,0
2304,1
2305,0
2306,0
2307,1
2308,1
2309,1
2310,1
2311,0
2312,0
2313,1
2314,0
2315,0
2316,0
2317,0
2318,1
2319,0
2320,0
2321,0
2322,0
2323,0
2324,0
2325,1
2326,0
2327,0
2328,0
2329,0
2330,0
2331,1
2332,0
2333,0
2334,0
2335,1
2336,1
2337,0
2338,1
2339,1
2340,1
2341,1
2342,0
2343,0
2344,1
2345,0
2346,0
2347,1
2348,0
2349,0
2350,1
2351,1
2352,0
2353,1
2354,0
2355,0
2356,0
2357,0
2358,1
2359,1
2360,1
2361,1
2362,0
2363,1
2364,0
2365,0
2366,0
2367,1
2368,1
2369,1
2370,0
2371,0
2372,1
2373,0
2374,1
2375,1
2376,0
2377,0
2378,0
2379,1
2380,1
2381,1
2382,1
2383,1
2384,1
2385,1
2386,1
2387,0
2388,1
2389,0
2390,1
2391,1
2392,0
2393,0
2394,0
2395,0
2396,0
2397,1
2398,0
2399,1
2400,1
2401,1
2402,0
2403,0
2404,1
2405,1
2406,0
2407,1
2408,0
2409,1
2410,1
2411,0
2412,1
2413,1
2414,0
2415,0
2416,0
2417,0
2418,1
2419,1
2420,0
2421,1
2422,0
2423,0
2424,1
2425,1
2426,0
2427,1
2428,1
2429,0
2430,0
2431,0
2432,1
2433,1
2434,1
2435,0
2436,0
2437,0
2438,1
2439,1
2440,0
2441,0
2442,1
2443,1
2444,0
2445,0
2446,1
2447,1
2448,1
2449,1
2450,0
2451,0
2452,0
2453,1
2454,1
2455,1
2456,1
2457,1
2458,1
2459,1
2460,0
2461,1
2462,0
2463,1
2464,1
2465,1
2466,0
2467,0
2468,1
2469,1
2470,0
2471,0
2472,1
2473,0
2474,1
2475,1
2476,1
2477,0
2478,1
2479,1
2480,0
2481,1
2482,0
2483,0
2484,1
2485,1
2486,0
2487,0
2488,1
2489,1
2490,0
2491,1
2492,1
2493,0
2494,1
2495,1
2496,0
2497,0
2498,1
2499,0
2500,0
2501,1
2502,0
2503,0
2504,0
2505,1
2506,0
2507,0
2508,1
2509,1
2510,1
2511,0
2512,1
2513,1
2514,0
2515,0
2516,0
2517,0
2518,0
2519,0
2520,0
2521,0
2522,1
2523,1
2524,0
2525,0
2526,1
2527,1
2528,1
2529,1
2530,1
2531,1
2532,0
2533,0
2534,1
2535,1
2536,1
2537,1
2538,1
2539,0
2540,1
2541,0
2542,1
2543,0
2544,1
2545,0
2546,0
2547,0
2548,1
2549,0
2550,0
2551,0
2552,1
2553,1
2554,0
2555,1
2556,0
2557,0
2558,0
2559,1
2560,1
2561,0
2562,1
2563,0
2564,0
2565,1
2566,1
2567,0
2568,0
2569,1
2570,1
2571,0
2572,1
2573,0
2574,1
2575,0
2576,1
2577,1
2578,0
2579,0
2580,1
2581,0
2582,0
2583,0
2584,0
2585,1
2586,0
2587,1
2588,0
2589,0
2590,1
2591,1
2592,1
2593,0
2594,1
2595,1
2596,0
2597,1
2598,1
2599,1
2600,0
2601,1
2602,1
2603,1
2604,1
2605,0
2606,1
2607,1
2608,1
2609,1
2610,1
2611,1
2612,0
2613,0
2614,0
2615,1
2616,1
2617,1
2618,1
2619,0
2620,1
2621,1
2622,1
2623,0
2624,0
2625,0
2626,0
2627,1
2628,0
2629,0
2630,1
2631,0
2632,0
2633,1
2634,0
2635,1
2636,0
2637,1
2638,1
2639,0
2640,1
2641,1
2642,0
2643,0
2644,0
2645,1
2646,0
2647,1
2648,0
2649,0
2650,1
2651,1
2652,0
2653,1
2654,1
2655,1
2656,1
2657,0
2658,0
2659,1
2661,0
2662,1
2663,0
2664,1
2665,0
2666,0
2667,0
2668,0
2669,0
2670,0
2671,1
2672,1
2673,0
2674,0
2675,0
2676,1
2677,0
2678,0
2679,1
2680,1
2681,0
2682,1
2683,1
2684,1
2685,1
2686,1
2687,1
2688,0
2689,0
2690,0
2691,1
2692,0
2693,1
2694,0
2695,1
2696,0
2697,1
2698,1
2699,0
2700,0
2701,1
2702,1
2703,1
2704,0
2705,1
2706,0
2707,0
2708,0
2709,0
2710,0
2711,1
2712,1
2713,0
2714,0
2715,0
2716,0
2717,1
2718,0
2719,0
2720,0
2721,0
2722,1
2723,1
2724,0
2725,0
2726,1
2727,0
2728,1
2729,1
2730,1
2731,0
2732,1
2733,1
2734,0
2735,0
2736,0
2737,1
2738,0
2739,0
2740,1
2741,0
2742,0
2743,0
2744,0
2745,0
2746,0
2747,1
2748,0
2749,0
2750,1
2751,1
2752,0
2753,1
2754,0
2755,1
2756,0
2757,0
2758,0
2759,0
2760,0
2761,1
2762,1
2763,1
2764,0
2765,1
2766,1
2767,0
2768,1
2769,1
2770,1
2771,0
2772,0
2773,0
2774,0
2775,1
2776,0
2777,1
2778,0
2779,0
2780,0
2781,0
2782,0
2783,1
2784,0
2785,1
2786,1
2787,1
2788,1
2789,0
2790,0
2791,1
2792,0
2793,1
2794,1
2795,0
2796,1
2797,1
2798,0
2799,1
2800,0
2801,0
2802,0
2803,1
2804,1
2805,0
2806,1
2807,0
2808,0
2809,0
2810,1
2811,0
2812,1
2813,0
2814,0
2815,1
2816,1
2817,0
2818,0
2819,0
2820,1
2821,0
2822,1
2823,0
2824,1
2825,0
2826,1
2827,0
2828,0
2829,0
2830,0
2831,0
2832,1
2833,1
2834,0
2835,0
2836,1
2837,1
2838,0
2839,1
2840,0
2841,1
2842,0
2843,1
2844,1
2845,1
2846,0
2847,1
2848,0
2849,0
2850,1
2851,1
2852,0
2853,1
2854,0
2855,0
2856,1
2857,1
2858,0
2859,1
2860,1
2861,1
2862,0
2863,0
2864,0
2865,1
2866,0
2867,0
2868,0
2869,1
2870,0
2871,1
2872,1
2873,0
2874,1
2875,0
2876,0
2877,1
2878,0
2879,1
2880,1
2881,1
2882,0
2883,1
2884,1
2885,1
2886,1
2887,1
2888,1
2889,0
2890,1
2891,1
2892,0
2893,0
2894,1
2895,0
2896,0
2897,0
2898,0
2899,1
2900,0
2901,1
2902,0
2903,0
2904,1
2905,0
2906,0
2907,1
2908,1
2909,1
2910,1
2911,0
2912,1
2913,1
2914,1
2915,1
2916,0
2917,0
2918,1
2919,1
2920,0
2921,0
2922,0
2923,1
2924,0
2925,0
2926,0
2927,0
2928,0
2929,1
2930,1
2931,1
2932,1
2933,0
2934,1
2935,1
2936,1
2937,1
2938,0
2939,0
2940,1
2941,0
2942,1
2943,1
2944,1
2945,0
2946,1
2947,1
2948,0
2949,0
2950,0
2951,1
2952,0
2953,0
2954,1
2955,1
2956,1
2957,0
2958,1
2959,0
2960,0
2961,1
2962,0
2963,0
2964,0
2965,1
2966,0
2967,0
2968,1
2969,1
2970,0
2971,0
2972,0
2973,0
2974,0
2975,0
2976,0
2977,0
2978,0
2979,0
2980,1
2981,1
2982,1
2983,0
2984,0
2985,1
2986,1
2987,0
2988,1
2989,1
2990,1
2991,1
2992,1
2993,1
2994,0
2995,0
2996,0
2997,1
2998,0
2999,1
3000,0
3001,0
3002,1
3003,1
3004,0
3005,0
3006,0
3007,1
3008,1
3009,0
3010,0
3011,0
3012,1
3013,1
3014,1
3015,1
3016,0
3017,1
3018,0
3019,0
3020,1
3021,1
3022,0
3023,0
3024,0
3025,0
3026,1
3027,0
3028,0
3029,0
3030,1
3031,0
3032,1
3033,0
3034,0
3035,0
3036,0
3037,0
3038,1
3039,1
3040,0
3041,0
3042,1
3043,0
3044,1
3045,1
3046,0
3047,0
3048,1
3049,0
3050,1
3051,0
3052,0
3053,0
3054,0
3055,1
3056,0
3057,1
3058,0
3059,0
3060,1
3061,1
3062,1
3063,0
3064,1
3065,0
3066,0
3067,1
3068,1
3069,0
3070,0
3071,0
3072,1
3073,0
3074,1
3075,1
3076,0
3077,1
3078,0
3079,0
3080,1
3081,1
3082,0
3083,1
3084,1
3085,0
3086,1
3087,1
3088,1
3089,0
3090,0
3091,0
3092,0
3093,1
3094,1
3095,0
3096,0
3097,0
3098,0
3099,0
3100,0
3101,0
3102,0
3103,1
3104,1
3105,1
3106,0
3107,0
3108,1
3109,0
3110,0
3111,0
3112,1
3113,1
3114,0
3115,0
3116,1
3117,1
3118,1
3119,0
3120,1
3121,1
3122,0
3123,0
3124,0
3125,0
3126,1
3127,0
3128,0
3129,0
3130,0
3131,1
3132,0
3133,1
3134,1
3135,1
3136,0
3137,1
3138,0
3139,0
3140,0
3141,1
3142,0
3143,1
3144,0
3145,1
3146,1
3147,1
3148,1
3149,0
3150,1
3151,1
3152,1
3153,0
3154,1
3155,0
3156,0
3157,1
3158,1
3159,0
3160,0
3161,0
3162,0
3163,1
3164,0
3165,1
3166,1
3167,0
3168,0
3169,1
3170,1
3171,0
3172,0
3173,1
3174,1
3175,0
3176,1
3177,1
3178,0
3179,0
3180,0
3181,1
3182,0
3183,1
3184,1
3185,1
3186,0
3187,0
3188,0
3189,0
3190,1
3191,1
3192,0
3193,1
3194,0
3195,1
3196,1
3197,0
3198,0
3199,1
3200,0
3201,1
3202,1
3203,0
3204,1
3205,1
3206,1
3207,0
3208,1
3209,0
3210,0
3211,0
3212,1
3213,0
3214,0
3215,1
3216,0
3217,1
3218,0
3219,1
3220,1
3221,1
3222,0
3223,1
3224,1
3225,1
3226,0
3227,1
3228,1
3230,0
3231,1
3232,1
3233,0
3234,0
3235,0
3237,1
3238,0
3239,1
3240,1
3241,1
3242,1
3243,0
3244,0
3245,1
3246,0
3247,1
3248,0
3249,1
3250,1
3251,1
3252,1
3253,0
3254,1
3255,1
3256,1
3257,0
3258,1
3259,0
3260,0
3261,1
3262,1
3263,0
3264,1
3265,1
3266,1
3267,1
3268,1
3269,0
3270,0
3271,0
3272,0
3273,1
3274,0
3275,0
3276,0
3277,0
3278,0
3279,0
3280,1
3281,0
3282,0
3283,1
3284,0
3285,0
3286,1
3287,0
3288,1
3289,0
3290,1
3291,0
3292,0
3293,0
3294,0
3295,1
3296,1
3297,1
3298,0
3299,0
3300,1
3301,0
3302,0
3303,0
3304,1
3305,0
3306,0
3307,0
3308,0
3309,0
3310,0
3311,0
3312,0
3313,1
3314,1
3315,1
3316,0
3317,0
3318,0
3319,1
3320,1
3321,0
3322,0
3323,0
3324,1
3325,0
3326,1
3327,1
3328,0
3329,0
3330,1
3331,0
3332,1
3333,0
3334,1
3335,1
3336,1
3337,1
3338,0
3339,1
3340,1
3341,0
3342,1
3343,1
3344,1
3345,0
3346,0
3347,0
3348,0
3349,0
3350,1
3351,1
3352,1
3353,1
3354,0
3355,1
3356,0
3357,0
3358,1
3359,0
3360,1
3361,1
3362,0
3363,1
3364,0
3365,1
3366,0
3367,1
3368,0
3369,1
3370,1
3371,1
3372,1
3373,0
3374,0
3375,1
3376,0
3377,1
3378,0
3379,1
3380,0
3381,0
3382,1
3383,1
3384,1
3385,0
3386,0
3387,1
3388,1
3389,1
3390,0
3391,0
3392,0
3393,0
3394,0
3395,1
3396,0
3397,0
3398,0
3399,0
3400,0
3401,1
3402,1
3403,0
3404,0
3405,1
3406,1
3407,1
3408,0
3409,1
3410,0
3411,1
3412,0
3413,0
3414,0
3415,1
3416,0
3417,1
3418,0
3419,0
3420,1
3421,1
3422,0
3423,0
3424,0
3425,1
3426,1
3427,1
3428,0
3429,0
3430,1
3431,1
3432,1
3433,1
3434,0
3435,0
3436,1
3437,0
3438,0
3439,1
3440,0
3441,0
3442,0
3443,1
3444,0
3445,1
3446,0
3447,1
3448,0
3449,0
3450,1
3451,1
3452,0
3453,1
3454,0
3455,1
3456,0
3457,0
3458,0
3459,0
3460,1
3461,1
3462,0
3463,0
3464,0
3465,1
3466,0
3467,1
3468,1
3469,0
3470,1
3471,0
3472,1
3473,0
3474,0
3475,0
3476,0
3477,1
3478,1
3479,1
3480,0
3481,1
3482,1
3483,1
3484,1
3485,0
3486,0
3487,0
3488,0
3489,1
3490,0
3491,0
3492,0
3493,1
3494,0
3495,1
3496,0
3497,0
3498,1
3499,1
3500,1
5034,0
